drug,Cancer type,z-score difference(AUC),AvgZ in cancer(AUC),AvgZ in others(AUC),Cancer cases(AUC),Other cancer cases(AUC),Adj.Pvalue(AUC),z-score difference(IC50),AvgZ in cancer(IC50),AvgZ in others(IC50),Cancer cases(IC50),Other cancer cases(IC50),Adj.Pvalue(IC50)
5-Azacytidine,BT,0.093129815,-0.064227458,0.028902356,36,80,0.447848551,0.097421082,-0.067186953,0.030234129,36,80,0.67508988
5-Azacytidine,HM,1.19020363,-1.026037612,0.164166018,16,100,0.001109835,0.752262998,-0.648502585,0.103760414,16,100,0.031144387
5-Azacytidine,NB,-0.493450589,0.446657861,-0.046792728,11,105,0.540821923,-0.303697431,0.274898537,-0.028798894,11,105,0.757677029
5-Azacytidine,SAR,-0.302527531,0.206031681,-0.09649585,37,79,0.194370069,-0.213209475,0.145203004,-0.06800647,37,79,0.483277961
5-Azacytidine,SO,-0.448947669,0.387023853,-0.061923816,16,100,0.499940947,-0.318882303,0.274898537,-0.043983766,16,100,0.618426134
5-Fluorouracil,BT,-0.321973868,0.222050943,-0.099922924,36,80,0.500609913,-0.131010583,0.090352126,-0.040658457,36,80,0.751661857
5-Fluorouracil,HM,-0.235178706,0.200712861,-0.034465845,17,99,0.394901973,-0.255840417,0.218346562,-0.037493854,17,99,0.713640042
5-Fluorouracil,NB,0.06527544,-0.059648247,0.005627193,10,106,1,0.152782736,-0.13961181,0.013170926,10,106,0.775182306
5-Fluorouracil,SAR,0.290340612,-0.197731969,0.092608644,37,79,0.470789904,0.207909088,-0.141593258,0.06631583,37,79,0.767863822
5-Fluorouracil,SO,0.253270578,-0.218336705,0.034933873,16,100,0.763809996,0.023888709,-0.020593715,0.003294994,16,100,0.972721358
6-Mercaptopurine,BT,0.039985113,-0.027682001,0.012303112,36,81,0.626474581,0.164845867,-0.114124062,0.050721805,36,81,0.583494743
6-Mercaptopurine,HM,0.785763842,-0.671593028,0.114170815,17,100,0.411622615,0.452550955,-0.386795688,0.065755267,17,100,0.379660346
6-Mercaptopurine,NB,-0.314850892,0.285249526,-0.029601366,11,106,0.867052937,-0.24983245,0.226343929,-0.023488521,11,106,0.832947084
6-Mercaptopurine,SAR,-0.2972131,0.203222633,-0.093990468,37,80,0.485484529,-0.180745506,0.123586671,-0.057158835,37,80,0.67889373
6-Mercaptopurine,SO,-0.127183295,0.109790707,-0.017392587,16,101,0.976226215,-0.262200393,0.226343929,-0.035856464,16,101,0.820046682
6-Thioguanine,BT,0.234777405,-0.162538204,0.072239202,36,81,0.137158062,0.036631837,-0.025360503,0.011271334,36,81,0.755267831
6-Thioguanine,HM,0.08417746,-0.071946547,0.012230913,17,100,0.753378882,0.043287583,-0.036997934,0.006289649,17,100,0.376056007
6-Thioguanine,NB,-0.137695056,0.124749367,-0.012945689,11,106,0.97826275,0.060102848,-0.054452153,0.005650695,11,106,0.879506484
6-Thioguanine,SAR,-0.05606596,0.038335699,-0.017730261,37,80,0.595060882,0.095216834,-0.065105528,0.030111307,37,80,0.630816919
6-Thioguanine,SO,-0.310151558,0.26773767,-0.042413888,16,101,0.890338515,-0.329411558,0.284363824,-0.045047734,16,101,0.77772404
Abemaciclib mesylate,BT,-0.772075361,0.511724367,-0.260350994,29,57,0.013523831,-0.63944822,0.423820332,-0.215627888,29,57,0.102970018
Abemaciclib mesylate,HM,0.43255046,-0.382253895,0.050296565,10,76,0.479355683,0.628392865,-0.555323927,0.073068938,10,76,0.29835975
Abemaciclib mesylate,NB,0.150387589,-0.136398046,0.013989543,8,78,0.97826275,0.197066148,-0.178734413,0.018331735,8,78,0.760464106
Abemaciclib mesylate,SAR,0.581679894,-0.405823182,0.175856712,26,60,0.030330813,0.493425885,-0.344250617,0.149175267,26,60,0.218736068
Abemaciclib mesylate,SO,-0.056649387,0.048086108,-0.008563279,13,73,0.950423804,-0.33012047,0.280218539,-0.049901932,13,73,0.643611492
Abiraterone,BT,-0.397559234,0.274178782,-0.123380452,36,80,0.271646232,NA,NA,NA,NA,NA,NA
Abiraterone,HM,0.324199919,-0.276687862,0.047512057,17,99,0.780924124,NA,NA,NA,NA,NA,NA
Abiraterone,NB,0.034181592,-0.030940234,0.003241358,11,105,1,NA,NA,NA,NA,NA,NA
Abiraterone,SAR,0.143635057,-0.09905866,0.044576397,36,80,0.917099627,NA,NA,NA,NA,NA,NA
Abiraterone,SO,0.091370891,-0.07876801,0.012602882,16,100,0.557776377,NA,NA,NA,NA,NA,NA
Actinomycin D,BT,-0.211045277,0.161270447,-0.049774829,25,81,0.481491432,0.120118266,-0.092398666,0.0277196,24,80,0.81396543
Actinomycin D,HM,0.372934091,-0.313123906,0.059810184,17,89,0.405178053,0.318911992,-0.266782148,0.052129845,17,87,0.572759727
Actinomycin D,NB,-0.701372813,0.628588842,-0.072783971,11,95,0.34858114,-0.578566842,0.517372272,-0.06119457,11,93,0.795149745
Actinomycin D,SAR,0.374822228,-0.251060172,0.123762056,35,71,0.265831306,0.062896705,-0.04233432,0.020562384,34,70,0.968870401
Actinomycin D,SO,-0.211730581,0.175776331,-0.03595425,18,88,0.890338515,-0.168035003,0.138952022,-0.029082981,18,86,0.848843051
Adavosertib,BT,-0.372185059,0.248123372,-0.124061686,29,58,0.374275073,-0.321538275,0.213112578,-0.108425697,29,57,0.414926344
Adavosertib,HM,-0.180243458,0.159525819,-0.020717639,10,77,0.75269456,-0.158097606,0.139714164,-0.018383443,10,76,0.815837739
Adavosertib,NB,0.262591973,-0.235427286,0.027164687,9,78,0.913582704,0.400294509,-0.358403223,0.041891286,9,77,0.757677029
Adavosertib,SAR,0.121810324,-0.085407238,0.036403085,26,61,0.910805761,0.072181854,-0.050359433,0.021822421,26,60,0.968870401
Adavosertib,SO,0.402569639,-0.342415555,0.060154084,13,74,0.557776377,0.294649958,-0.25353601,0.041113948,12,74,0.749470971
Afatinib,BT,0.095013439,-0.062622494,0.032390945,30,58,0.996488185,-0.191230279,0.127486853,-0.063743426,29,58,0.294050594
Afatinib,HM,0.031039977,-0.027512707,0.00352727,10,78,0.84227194,0.09239725,-0.081776876,0.010620374,10,77,0.787624906
Afatinib,NB,-0.719277632,0.645715146,-0.073562485,9,79,0.140728612,-0.552908933,0.495711457,-0.057197476,9,78,0.69058263
Afatinib,SAR,0.10998268,-0.077487797,0.032494883,26,62,0.550236723,0.318456664,-0.223285707,0.095170957,26,61,0.142580508
Afatinib,SO,0.148286924,-0.126380901,0.021906023,13,75,0.950423804,0.138849531,-0.1181019,0.020747631,13,74,0.972721358
Afuresertib,BT,-0.254077846,0.179104056,-0.074973791,36,86,0.539901103,-0.200857588,0.142070001,-0.058787587,36,87,0.581179844
Afuresertib,HM,-0.661466714,0.574716981,-0.086749733,16,106,0.054925725,-0.402658351,0.350280029,-0.052378322,16,107,0.326747133
Afuresertib,NB,-0.593434833,0.535064194,-0.058370639,12,110,0.221118599,-0.587658989,0.530326405,-0.057332584,12,111,0.284896397
Afuresertib,SAR,0.582592558,-0.386803255,0.195789302,41,81,0.056702716,0.54888309,-0.36592206,0.18296103,41,82,0.071323708
Afuresertib,SO,0.424098966,-0.365003209,0.059095758,17,105,0.498081675,0.135372426,-0.115561827,0.019810599,18,105,0.77772404
Alectinib,BT,0.450889405,-0.308503277,0.142386128,36,78,0.079108397,0.779293854,-0.531023246,0.248270608,36,77,0.000324654
Alectinib,HM,-0.573582551,0.488048311,-0.08553424,17,97,0.101266005,-0.204900879,0.174075083,-0.030825796,17,96,0.759617446
Alectinib,NB,0.085669084,-0.078154252,0.007514832,10,104,0.919700722,-0.397675363,0.362482853,-0.03519251,10,103,0.879506484
Alectinib,SAR,0.070427137,-0.04880477,0.021622367,35,79,0.924755479,-0.250992143,0.173251214,-0.077740929,35,78,0.069136136
Alectinib,SO,-0.385259377,0.331187886,-0.054071492,16,98,0.559118567,-0.497272214,0.431262628,-0.066009586,15,98,0.317151592
Alisertib,BT,-0.393799177,0.272895921,-0.120903256,35,79,0.313879992,-0.483889544,0.335326965,-0.148562579,35,79,0.102970018
Alisertib,HM,-0.127130461,0.109287589,-0.017842872,16,98,0.978983563,-0.018158029,0.015609534,-0.002548495,16,98,0.815837739
Alisertib,NB,0.153321549,-0.13987229,0.013449259,10,104,0.867052937,0.046382891,-0.042314216,0.004068675,10,104,0.964306536
Alisertib,SAR,0.24727965,-0.16702222,0.08025743,37,77,0.595060882,0.186554996,-0.126006444,0.060548551,37,77,0.779651406
Alisertib,SO,0.27056196,-0.232588351,0.037973608,16,98,0.944251217,0.501717468,-0.431300982,0.070416487,16,98,0.317151592
Alpelisib,BT,-0.229301773,0.160115893,-0.06918588,35,81,0.538556078,-0.269221421,0.18799082,-0.081230601,35,81,0.405049074
Alpelisib,HM,-0.372591618,0.317987674,-0.054603944,17,99,0.646516572,-0.667792745,0.569926567,-0.097866178,17,99,0.012971368
Alpelisib,NB,-0.728712772,0.659610699,-0.069102073,11,105,0.04567595,-0.629633159,0.569926567,-0.059706593,11,105,0.104339325
Alpelisib,SAR,0.799231801,-0.544304416,0.254927385,37,79,0.012943528,0.888004712,-0.60476183,0.283242882,37,79,0.000338055
Alpelisib,SO,-0.135843177,0.117106187,-0.01873699,16,100,0.976226215,0.011704027,-0.010089679,0.001614349,16,100,0.559476868
Axitinib,BT,0.11387429,-0.079619422,0.034254868,37,86,0.500609913,-0.170699985,0.119351209,-0.051348776,37,86,0.522408062
Axitinib,HM,-0.189702775,0.165025991,-0.024676784,16,107,0.193296501,0.052583992,-0.045743798,0.006840194,16,107,0.377278291
Axitinib,NB,-0.083182461,0.075067099,-0.008115362,12,111,0.97826275,-0.03834372,0.034602869,-0.003740851,12,111,0.962966962
Axitinib,SAR,-0.265340202,0.179050705,-0.086289496,40,83,0.549955733,-0.141134055,0.095236801,-0.045897254,40,83,0.886594212
Axitinib,SO,0.504842153,-0.430962813,0.073879339,18,105,0.534740788,0.514699712,-0.439377803,0.075321909,18,105,0.261608608
AZD4547,BT,0.221971205,-0.146299203,0.075672002,30,58,0.088574973,-0.117871897,0.077688296,-0.040183601,30,58,0.81396543
AZD4547,HM,-0.722505126,0.640402271,-0.082102855,10,78,0.042655259,-0.483365968,0.428438017,-0.054927951,10,78,0.261169956
AZD4547,NB,-0.78422456,0.704019775,-0.080204785,9,79,0.030526121,-0.555161352,0.498383486,-0.056777866,9,79,0.182075182
AZD4547,SAR,-0.149800046,0.105540942,-0.044259105,26,62,0.939718359,-0.071526477,0.050393654,-0.021132823,26,62,0.779651406
AZD4547,SO,1.001420962,-0.853483774,0.147937188,13,75,0.534740788,1.120146623,-0.954670417,0.165476206,13,75,0.291052075
Bendamustine hydrochloride,BT,-0.242586342,0.167944391,-0.074641951,36,81,0.364212732,-0.222144699,0.153792484,-0.068352215,36,81,0.404884259
Bendamustine hydrochloride,HM,0.666535814,-0.56968873,0.096847084,17,100,0.352859438,-0.179937207,0.153792484,-0.026144722,17,100,0.660989147
Bendamustine hydrochloride,NB,-0.277363646,0.251286722,-0.026076924,11,106,0.97826275,0.060083907,-0.054434992,0.005648914,11,106,0.832947084
Bendamustine hydrochloride,SAR,0.094391282,-0.064541048,0.029850235,37,80,0.844331719,0.390017461,-0.266678606,0.123338855,37,80,0.389592138
Bendamustine hydrochloride,SO,-0.236213673,0.203910948,-0.032302724,16,101,0.944251217,-0.167600448,0.144680729,-0.022919719,16,101,0.932376877
Bleomycin sulfate,BT,0.12465806,-0.085634667,0.039023393,36,79,0.97745839,0.148864766,-0.102263622,0.046601144,36,79,0.921302069
Bleomycin sulfate,HM,0.203774687,-0.175423426,0.028351261,16,99,0.929465403,0.172117291,-0.148170538,0.023946754,16,99,0.787624906
Bleomycin sulfate,NB,0.024324234,-0.021997568,0.002326666,11,104,0.867052937,0.096080536,-0.086890224,0.009190312,11,104,0.757677029
Bleomycin sulfate,SAR,-0.107333131,0.073733194,-0.033599937,36,79,0.929314227,-0.189029708,0.129855191,-0.059174517,36,79,0.886594212
Bleomycin sulfate,SO,-0.252448311,0.217325068,-0.035123243,16,99,0.890338515,-0.169394462,0.145826537,-0.023567925,16,99,0.878423528
Bortezomib,BT,-0.205489138,0.145479036,-0.060010102,33,80,0.56924842,-0.049328848,0.035234892,-0.014093957,32,80,0.924264931
Bortezomib,HM,0.951755653,-0.808571174,0.143184479,17,96,0.003551504,0.927992267,-0.787136298,0.140855969,17,95,0.006725497
Bortezomib,NB,-0.510900281,0.461166626,-0.049733656,11,102,0.310733994,-0.537490246,0.484701025,-0.052789221,11,101,0.579636994
Bortezomib,SAR,0.17457453,-0.118957866,0.055616665,36,77,0.681124393,0.064151914,-0.043531656,0.020620258,36,76,0.968870401
Bortezomib,SO,-0.593727051,0.509659504,-0.084067547,16,97,0.498081675,-0.619006271,0.530576804,-0.088429467,16,96,0.261608608
Buparlisib,BT,-0.213072373,0.146946464,-0.066125909,36,80,0.384060349,-0.11329303,0.078133124,-0.035159906,36,80,0.755375526
Buparlisib,HM,-0.718484121,0.619382863,-0.099101258,16,100,0.074832181,-0.750911408,0.647337421,-0.103573987,16,100,0.04563981
Buparlisib,NB,-0.282812007,0.255993627,-0.02681838,11,105,0.792517138,-0.466998513,0.422714171,-0.044284342,11,105,0.613996638
Buparlisib,SAR,0.690279053,-0.470103838,0.220175215,37,79,0.01043088,0.671302331,-0.457180036,0.214122295,37,79,0.00662582
Buparlisib,SO,0.045115765,-0.038892901,0.006222864,16,100,0.920453015,0.065567967,-0.05652411,0.009043858,16,100,0.972721358
Busulfan,BT,0.081639207,-0.057474001,0.024165205,37,88,0.900691934,0.302171348,-0.212728629,0.089442719,37,88,0.404884259
Busulfan,HM,0.898662963,-0.7764448,0.122218163,17,108,0.108487906,-0.103521666,0.089442719,-0.014078947,17,108,0.815837739
Busulfan,NB,-0.229342702,0.207325803,-0.022016899,12,113,0.97826275,-0.098941061,0.089442719,-0.009498342,12,113,0.879506484
Busulfan,SAR,-0.278334848,0.187041018,-0.09129383,41,84,0.701574013,-0.133099284,0.089442719,-0.043656565,41,84,0.730710045
Busulfan,SO,-0.335508066,0.287194905,-0.048313162,18,107,0.890338515,-0.104489158,0.089442719,-0.015046439,18,107,0.932376877
Cabozantinib,BT,-0.155322009,0.107118627,-0.048203382,36,80,0.734375117,-0.111589617,0.076958356,-0.03463126,36,80,0.522408062
Cabozantinib,HM,-0.04383526,0.037789017,-0.006046243,16,100,0.929465403,-0.172490903,0.148699055,-0.023791849,16,100,0.701326021
Cabozantinib,NB,-0.605463909,0.548049228,-0.057414681,11,105,0.035436103,-0.25703948,0.232665046,-0.024374433,11,105,0.760464106
Cabozantinib,SAR,0.349011543,-0.237688896,0.111322647,37,79,0.25510572,0.321810981,-0.219164375,0.102646606,37,79,0.461909275
Cabozantinib,SO,0.122883672,-0.1059342,0.016949472,16,100,0.890338515,-0.029005848,0.025005041,-0.004000807,16,100,0.576982795
Capecitabine,BT,-0.06899015,0.047762411,-0.021227738,36,81,0.500609913,0.300462606,-0.208012574,0.092450033,36,81,0.405049074
Capecitabine,HM,0.578258622,-0.494238138,0.084020483,17,100,0.132964338,-0.108166538,0.092450033,-0.015716506,17,100,0.815837739
Capecitabine,NB,-0.010519707,0.009530675,-0.000989032,11,106,1,-0.102043904,0.092450033,-0.009593871,11,106,0.879506484
Capecitabine,SAR,-0.017240954,0.011788687,-0.005452268,37,80,0.625521061,-0.135208173,0.092450033,-0.04275814,37,80,0.730710045
Capecitabine,SO,-0.444656669,0.38384892,-0.06080775,16,101,0.534740788,-0.107095582,0.092450033,-0.01464555,16,101,0.932376877
Capmatinib,BT,-0.340399702,0.237692895,-0.102706806,35,81,0.335662269,NA,NA,NA,NA,NA,NA
Capmatinib,HM,0.002791063,-0.002382028,0.000409035,17,99,0.978983563,NA,NA,NA,NA,NA,NA
Capmatinib,NB,-0.278934305,0.252483638,-0.026450667,11,105,0.540821923,NA,NA,NA,NA,NA,NA
Capmatinib,SAR,0.608909407,-0.414688303,0.194221104,37,79,0.115737383,NA,NA,NA,NA,NA,NA
Capmatinib,SO,-0.3108358,0.267961897,-0.042873903,16,100,0.977093311,NA,NA,NA,NA,NA,NA
Carboplatin,BT,-0.317622734,0.225409682,-0.092213052,36,88,0.298477255,NA,NA,NA,NA,NA,NA
Carboplatin,HM,0.758872975,-0.654833938,0.104039037,17,107,0.325512652,NA,NA,NA,NA,NA,NA
Carboplatin,NB,-0.189439964,0.171107064,-0.0183329,12,112,0.867052937,NA,NA,NA,NA,NA,NA
Carboplatin,SAR,0.006771539,-0.004532562,0.002238977,41,83,0.692550249,NA,NA,NA,NA,NA,NA
Carboplatin,SO,-0.07473656,0.063887704,-0.010848855,18,106,0.890338515,NA,NA,NA,NA,NA,NA
Carfilzomib,BT,-0.095633773,0.067326176,-0.028307597,37,88,0.827519823,0.085250102,-0.059812571,0.02543753,37,87,0.755267831
Carfilzomib,HM,0.669083621,-0.578088248,0.090995372,17,108,0.063623415,0.516774983,-0.4459268,0.070848183,17,107,0.160721603
Carfilzomib,NB,-0.16745137,0.151376039,-0.016075332,12,113,0.801804224,-0.073460706,0.06694403,-0.006516676,11,113,0.879506484
Carfilzomib,SAR,0.056676902,-0.038086878,0.018590024,41,84,0.686396097,-0.025455347,0.01703866,-0.008416687,41,83,0.987217218
Carfilzomib,SO,-0.459597693,0.393415625,-0.066182068,18,107,0.499940947,-0.543237718,0.46438063,-0.078857088,18,106,0.261608608
Carmustine,BT,0.203774724,-0.143457406,0.060317318,37,88,0.230015881,NA,NA,NA,NA,NA,NA
Carmustine,HM,0.967903875,-0.836268948,0.131634927,17,108,0.046570979,NA,NA,NA,NA,NA,NA
Carmustine,NB,-0.465437912,0.420755873,-0.04468204,12,113,0.292318161,NA,NA,NA,NA,NA,NA
Carmustine,SAR,-0.462106158,0.310535338,-0.15157082,41,84,0.196035541,NA,NA,NA,NA,NA,NA
Carmustine,SO,-0.113153997,0.096859822,-0.016294176,18,107,0.848938843,NA,NA,NA,NA,NA,NA
Ceritinib,BT,-0.142500336,0.100320236,-0.042180099,37,88,0.500609913,-0.019822086,0.013954748,-0.005867337,37,88,0.608266189
Ceritinib,HM,-1.164874134,1.006451252,-0.158422882,17,108,0.000377583,-1.140783703,0.98563712,-0.155146584,17,108,0.000207166
Ceritinib,NB,0.028602295,-0.025856475,0.00274582,12,113,1,-0.031576575,0.028545224,-0.003031351,12,113,1
Ceritinib,SAR,0.875432999,-0.588290975,0.287142024,41,84,0.000181294,0.830504739,-0.558099185,0.272405555,41,84,5.8195E-05
Ceritinib,SO,-0.234208701,0.200482648,-0.033726053,18,107,0.890338515,-0.34185924,0.292631509,-0.049227731,18,107,0.909990879
Chlorambucil,BT,-0.451374015,0.312489703,-0.138884312,36,81,0.303084593,-0.381465323,0.264091378,-0.117373946,36,81,0.102970018
Chlorambucil,HM,0.459011287,-0.39231734,0.066693948,17,100,0.383782857,-0.08340288,0.071284513,-0.012118367,17,100,0.900491146
Chlorambucil,NB,-0.217062991,0.19665536,-0.020407632,11,106,1,-0.291497087,0.264091378,-0.027405709,11,106,0.757677029
Chlorambucil,SAR,0.316705935,-0.216551067,0.100154868,37,80,0.595060882,0.491041417,-0.335754815,0.155286602,37,80,0.054605209
Chlorambucil,SO,-0.091872946,0.079309124,-0.012563822,16,101,0.920453015,0.08696831,-0.075075208,0.011893102,16,101,0.958906167
Cisplatin,BT,0.048841543,-0.034384446,0.014457097,37,88,0.632325502,0.10466062,-0.073681076,0.030979543,37,88,0.921302069
Cisplatin,HM,0.256538166,-0.221648976,0.034889191,17,108,0.982688707,0.258312616,-0.2231821,0.035130516,17,108,0.740479256
Cisplatin,NB,-0.133401424,0.120594887,-0.012806537,12,113,0.97826275,-0.168318244,0.152159692,-0.016158551,12,113,0.847558825
Cisplatin,SAR,-0.202467734,0.136058317,-0.066409417,41,84,0.595060882,-0.217483033,0.146148598,-0.071334435,41,84,0.881967047
Cisplatin,SO,0.128846869,-0.110292919,0.018553949,18,107,0.977093311,0.084223346,-0.072095184,0.012128162,18,107,0.932376877
Cladribine,BT,0.150832995,-0.106186428,0.044646566,37,88,0.275686528,0.163535587,-0.115129054,0.048406534,37,88,0.522408062
Cladribine,HM,1.524344014,-1.317033228,0.207310786,17,108,0.000816377,1.552023206,-1.34094805,0.211075156,17,108,6.29072E-05
Cladribine,NB,-0.581713824,0.525869297,-0.055844527,12,113,0.24246647,-0.567335838,0.512871598,-0.05446424,12,113,0.523776114
Cladribine,SAR,-0.411574097,0.276577793,-0.134996304,41,84,0.397099357,-0.457692729,0.307569514,-0.150123215,41,84,0.187200051
Cladribine,SO,-0.562587074,0.481574535,-0.081012539,18,107,0.305704632,-0.538102452,0.460615699,-0.077486753,18,107,0.261608608
Clofarabine,BT,0.033879658,-0.023851279,0.010028379,37,88,0.335662269,-0.037475647,0.026382855,-0.011092792,37,88,0.81396543
Clofarabine,HM,1.534767872,-1.326039441,0.208728431,17,108,0.000440925,1.407992822,-1.216505798,0.191487024,17,108,0.002707126
Clofarabine,NB,-0.606885459,0.548624455,-0.058261004,12,113,0.125004617,-0.556677186,0.503236176,-0.05344101,12,113,0.448555623
Clofarabine,SAR,-0.364534812,0.244967394,-0.119567418,41,84,0.169498106,-0.262932289,0.176690498,-0.086241791,41,84,0.547775232
Clofarabine,SO,-0.441200105,0.37766729,-0.063532815,18,107,0.536708646,-0.416750284,0.356738243,-0.060012041,18,107,0.643611492
Cobimetinib,BT,0.282335569,-0.194714186,0.087621384,36,80,0.230015881,0.299546604,-0.206583865,0.092962739,36,80,0.310560075
Cobimetinib,HM,0.305547999,-0.260769413,0.044778586,17,99,0.486991197,-0.012638883,0.010786633,-0.00185225,17,99,0.816704867
Cobimetinib,NB,-0.99835988,0.903687822,-0.094672058,11,105,0.023603326,-0.888290602,0.804056149,-0.084234454,11,105,0.02601661
Cobimetinib,SAR,-0.581279019,0.400882082,-0.180396937,36,80,0.014977759,-0.446002297,0.307587791,-0.138414506,36,80,0.174066134
Cobimetinib,SO,0.937390947,-0.808095644,0.129295303,16,100,0.082801455,0.91814955,-0.791508233,0.126641317,16,100,0.021574236
Crenolanib,BT,-0.393879856,0.272686054,-0.121193802,36,81,0.303084593,-0.423257798,0.293024629,-0.130233168,36,81,0.227901737
Crenolanib,HM,0.930381176,-0.795197587,0.13518359,17,100,0.008103307,1.072622715,-0.916771551,0.155851164,17,100,0.014499351
Crenolanib,NB,-0.593803976,0.537976252,-0.055827724,11,106,0.239464052,-0.520540082,0.471600416,-0.048939666,11,106,0.217086569
Crenolanib,SAR,0.273713505,-0.187154533,0.086558972,37,80,0.311751787,0.148125727,-0.101282548,0.046843179,37,80,0.273494737
Crenolanib,SO,-0.340910197,0.294289999,-0.046620198,16,101,0.534740788,-0.260359712,0.224754965,-0.035604747,16,101,0.763783091
Crizotinib,BT,-0.502082659,0.355131637,-0.146951022,36,87,0.084925948,-0.609039209,0.430783831,-0.178255378,36,87,0.076728176
Crizotinib,HM,-0.673283797,0.580228313,-0.093055484,17,106,0.059743416,-0.539123501,0.464610497,-0.074513004,17,106,0.098732112
Crizotinib,NB,-0.188604703,0.170204245,-0.018400459,12,111,0.919700722,-0.14576856,0.131547237,-0.014221323,12,111,0.847558825
Crizotinib,SAR,0.738553321,-0.498373379,0.240179942,40,83,0.00048342,0.795407562,-0.536738436,0.258669126,40,83,0.000325014
Crizotinib,SO,0.309526314,-0.26422978,0.045296534,18,105,0.950423804,0.228794691,-0.195312541,0.03348215,18,105,0.932376877
Cytarabine,BT,-0.016138377,0.011361418,-0.00477696,37,88,0.907476375,-0.016642329,0.0117162,-0.004926129,37,88,0.8364163
Cytarabine,HM,0.784699036,-0.677979967,0.106719069,17,108,0.006882356,0.304320633,-0.262933027,0.041387606,17,108,0.158001991
Cytarabine,NB,-0.092434464,0.083560755,-0.008873708,12,113,0.97826275,0.034158394,-0.030879188,0.003279206,12,113,0.879506484
Cytarabine,SAR,-0.116861057,0.078530631,-0.038330427,41,84,0.410288362,0.042586028,-0.028617811,0.013968217,41,84,0.886594212
Cytarabine,SO,-0.446703146,0.382377893,-0.064325253,18,107,0.534740788,-0.362165276,0.310013476,-0.0521518,18,107,0.576126047
Dabrafenib,BT,0.077286807,-0.054848701,0.022438105,36,88,0.983496307,0.154815234,-0.109868876,0.044946358,36,88,0.768882287
Dabrafenib,HM,0.610669034,-0.526948279,0.083720755,17,107,0.001704379,-0.008232423,0.007103785,-0.001128639,17,107,0.204905807
Dabrafenib,NB,-0.18276074,0.165074217,-0.017686523,12,112,0.97826275,-0.018783174,0.016965447,-0.001817726,12,112,0.879506484
Dabrafenib,SAR,-0.445007056,0.297867626,-0.14713943,41,83,0.017953995,-0.286280678,0.191623357,-0.094657321,41,83,0.156331997
Dabrafenib,SO,0.211917123,-0.18115496,0.030762163,18,106,0.920453015,0.274621514,-0.234757101,0.039864413,18,106,0.979294566
Dacarbazine,BT,-0.262512968,0.181203642,-0.081309326,35,78,0.500609913,-0.136283921,0.094072087,-0.042211834,35,78,0.755267831
Dacarbazine,HM,1.022789615,-0.877969846,0.144819768,16,97,0.046570979,0.664384113,-0.570312026,0.094072087,16,97,0.084870593
Dacarbazine,NB,-0.289060166,0.260921566,-0.0281386,11,102,1,-0.104217116,0.094072087,-0.010145029,11,102,0.879506484
Dacarbazine,SAR,-0.075595589,0.051512039,-0.024083551,36,77,0.692550249,-0.138053842,0.094072087,-0.043981755,36,77,0.730710045
Dacarbazine,SO,-0.229137823,0.198721297,-0.030416525,15,98,0.920453015,-0.108470876,0.094072087,-0.014398789,15,98,0.932376877
Dasatinib,BT,-0.20266224,0.142190443,-0.060471798,37,87,0.75818903,0.011365442,-0.007890059,0.003475383,37,84,0.77902639
Dasatinib,HM,0.788483736,-0.68038516,0.108098577,17,107,0.267857912,0.486600768,-0.422256864,0.064343903,16,105,0.329437184
Dasatinib,NB,-0.263260044,0.237783265,-0.025476778,12,112,0.867052937,-0.382179693,0.347436084,-0.034743608,11,110,0.658917115
Dasatinib,SAR,0.042656619,-0.028896419,0.0137602,40,84,0.926913687,0.057950628,-0.039272327,0.018678302,39,82,0.833282437
Dasatinib,SO,-0.299469027,0.255997717,-0.04347131,18,106,0.920453015,-0.310518751,0.264325879,-0.046192872,18,103,0.932376877
Daunorubicin hydrochloride,BT,-0.319688245,0.224342628,-0.095345617,34,80,0.335662269,-0.18538011,0.130091305,-0.055288805,34,80,0.751661857
Daunorubicin hydrochloride,HM,0.390401279,-0.332183545,0.058217735,17,97,0.426163599,0.295127065,-0.251116889,0.044010176,17,97,0.660989147
Daunorubicin hydrochloride,NB,-0.149460454,0.136349888,-0.013110566,10,104,0.97826275,-0.240702865,0.219588579,-0.021114286,10,104,0.879506484
Daunorubicin hydrochloride,SAR,0.302578755,-0.204373369,0.098205385,37,77,0.422913723,0.249389794,-0.168447492,0.080942302,37,77,0.607535555
Daunorubicin hydrochloride,SO,-0.306650308,0.263611668,-0.04303864,16,98,0.848938843,-0.282277535,0.242659635,-0.0396179,16,98,0.820046682
Decitabine,BT,-0.181788722,0.12797926,-0.053809462,37,88,0.963716757,-0.343121163,0.241557299,-0.101563864,37,88,0.129538233
Decitabine,HM,0.777385679,-0.671661227,0.105724452,17,108,0.051043777,0.254421752,-0.219820393,0.034601358,17,108,0.389742143
Decitabine,NB,0.025517524,-0.023067842,0.002449682,12,113,0.97826275,0.225710743,-0.204042511,0.021668231,12,113,1
Decitabine,SAR,-0.052981182,0.035603354,-0.017377828,41,84,0.595060882,0.257701605,-0.173175479,0.084526126,41,84,0.118354706
Decitabine,SO,-0.356962929,0.305560267,-0.051402662,18,107,0.766420793,-0.282193106,0.241557299,-0.040635807,18,107,0.640119345
Dinaciclib,BT,-0.949005778,0.658319324,-0.290686455,34,77,0.000124162,-0.715714084,0.505596188,-0.210117896,32,77,0.027297712
Dinaciclib,HM,0.532147203,-0.450647181,0.081500022,17,94,0.13850579,0.654695605,-0.552587116,0.102108489,17,92,0.149914074
Dinaciclib,NB,-0.967382938,0.888946484,-0.078436454,9,102,0.061843113,-0.990164436,0.908407739,-0.081756697,9,100,0.129793854
Dinaciclib,SAR,0.822419217,-0.563097842,0.259321375,35,76,0.000509894,0.598363097,-0.406228157,0.192134939,35,74,0.00662582
Dinaciclib,SO,0.220097577,-0.1883718,0.031725777,16,95,0.920453015,0.054410718,-0.046423824,0.007986894,16,93,0.932376877
Docetaxel,BT,-0.018427853,0.013097482,-0.005330371,35,86,0.955242962,-0.046314599,0.032577218,-0.013737381,35,83,0.799088048
Docetaxel,HM,-0.279452677,0.242500256,-0.03695242,16,105,0.614202436,-0.458127408,0.399890873,-0.058236535,15,103,0.29835975
Docetaxel,NB,-0.004706167,0.004239439,-0.000466727,12,109,0.97826275,0.128546251,-0.115473751,0.0130725,12,106,0.855265279
Docetaxel,SAR,0.109418974,-0.072343123,0.037075851,41,80,0.910805761,0.159977971,-0.104392405,0.055585566,41,77,0.607535555
Docetaxel,SO,0.097403712,-0.083718893,0.013684819,17,104,0.950423804,0.112485094,-0.098186141,0.014298953,15,103,0.958906167
Doxorubicin hydrochloride,BT,-0.155865228,0.108011868,-0.047853359,35,79,0.734375117,-0.128871534,0.089305712,-0.039565822,35,79,0.755375526
Doxorubicin hydrochloride,HM,0.30857903,-0.265269692,0.043309338,16,98,0.535401918,0.183153532,-0.157447773,0.025705759,16,98,0.740479256
Doxorubicin hydrochloride,NB,-0.309577711,0.282421772,-0.02715594,10,104,0.811354197,-0.339340887,0.309574143,-0.029766744,10,104,0.760464106
Doxorubicin hydrochloride,SAR,0.293547182,-0.198273096,0.095274085,37,77,0.410783403,0.350745361,-0.236906955,0.113838407,37,77,0.302392127
Doxorubicin hydrochloride,SO,-0.36175999,0.310986658,-0.050773332,16,98,0.718031995,-0.368121147,0.316455021,-0.051666126,16,98,0.654572772
Entrectinib,BT,0.290860705,-0.204867105,0.0859936,34,81,0.163700078,0.381469097,-0.267697612,0.113771485,34,80,0.102970018
Entrectinib,HM,-0.613506715,0.522814418,-0.090692297,17,98,0.073088172,-0.548494812,0.466701726,-0.081793086,17,97,0.084870593
Entrectinib,NB,-0.965551936,0.873194794,-0.092357142,11,104,0.014791932,-0.983637553,0.888725157,-0.094912395,11,103,0.013191785
Entrectinib,SAR,0.605052417,-0.410383379,0.194669039,37,78,0.042642575,0.420385948,-0.287632491,0.132753457,36,78,0.152801493
Entrectinib,SO,-0.265478571,0.228542422,-0.036936149,16,99,0.890338515,-0.126983669,0.1091614,-0.017822269,16,98,0.932376877
Epirubicin hydrochloride,BT,-0.146581716,0.101090839,-0.045490877,36,80,0.827519823,-0.140748232,0.097067746,-0.043680486,36,80,0.799088048
Epirubicin hydrochloride,HM,0.084663841,-0.072256209,0.012407632,17,99,0.75269456,0.028721078,-0.024511955,0.004209124,17,99,0.787624906
Epirubicin hydrochloride,NB,-0.224765682,0.203451695,-0.021313987,11,105,0.940615676,-0.126082642,0.114126529,-0.011956113,11,105,0.879506484
Epirubicin hydrochloride,SAR,0.256064453,-0.176596174,0.079468278,36,80,0.625521061,0.225609773,-0.155592947,0.070016826,36,80,0.730710045
Epirubicin hydrochloride,SO,-0.123871977,0.106786187,-0.01708579,16,100,0.890338515,-0.091945852,0.079263665,-0.012682186,16,100,0.932376877
Erdafitinib,BT,0.187438159,-0.124232268,0.063205891,29,57,0.079108397,-0.224789216,0.148096425,-0.076692792,29,56,0.81396543
Erdafitinib,HM,-0.436632318,0.390938238,-0.04569408,9,77,0.352859438,-0.098458971,0.088033904,-0.010425068,9,76,0.787624906
Erdafitinib,NB,-0.559284195,0.500754454,-0.058529741,9,77,0.34858114,-0.402176148,0.359592791,-0.042583357,9,76,0.587394377
Erdafitinib,SAR,-0.452017581,0.315361103,-0.136656478,26,60,0.058907347,-0.223522859,0.155151161,-0.068371698,26,59,0.933638419
Erdafitinib,SO,1.143816957,-0.970914394,0.172902563,13,73,0.359575703,1.19905956,-1.029780563,0.169278997,12,73,0.487183957
Erlotinib hydrochloride,BT,0.375026522,-0.264018671,0.111007851,37,88,0.088574973,0.182596037,-0.12854761,0.054048427,37,88,0.902149401
Erlotinib hydrochloride,HM,-0.081350862,0.070287145,-0.011063717,17,108,0.631979573,0.194417692,-0.167976886,0.026440806,17,108,0.377278291
Erlotinib hydrochloride,NB,-0.836357934,0.756067572,-0.080290362,12,113,0.014791932,-0.214932753,0.194299209,-0.020633544,12,113,0.832947084
Erlotinib hydrochloride,SAR,-0.102278456,0.068731122,-0.033547334,41,84,0.692550249,-0.289135727,0.194299209,-0.094836518,41,84,0.248639602
Erlotinib hydrochloride,SO,0.215276318,-0.184276528,0.03099979,18,107,0.557776377,0.17432434,-0.149221635,0.025102705,18,107,0.643616055
Etoposide,BT,-0.213958625,0.151841605,-0.06211702,36,88,0.74308484,-0.210066941,0.149079765,-0.060987177,36,88,0.574298731
Etoposide,HM,0.039849456,-0.034386224,0.005463232,17,107,0.822017396,-0.194162142,0.167543138,-0.026619003,17,107,0.830438851
Etoposide,NB,0.05115613,-0.046205536,0.004950593,12,112,0.919700722,0.156394857,-0.14125987,0.015134986,12,112,0.879506484
Etoposide,SAR,0.197628481,-0.13228358,0.065344901,41,83,0.710464784,0.19182027,-0.128395826,0.063424444,41,83,0.630816919
Etoposide,SO,-0.071251988,0.060908958,-0.010343031,18,106,0.848938843,0.081611079,-0.06976431,0.01184677,18,106,0.979294566
Everolimus,BT,-0.363549975,0.251688444,-0.111861531,36,81,0.110598874,-0.214423978,0.148447369,-0.065976609,36,81,0.414926344
Everolimus,HM,0.229054004,-0.195772653,0.033281351,17,100,0.795057854,0.121984007,-0.104259835,0.017724172,17,100,0.771040304
Everolimus,NB,-0.412104426,0.373359565,-0.038744861,11,106,0.613677324,-0.263812898,0.239009976,-0.024802922,11,106,0.760464106
Everolimus,SAR,0.355144139,-0.242833599,0.11231054,37,80,0.083408904,-0.006074849,0.004153743,-0.001921106,37,80,0.968870401
Everolimus,SO,0.061885538,-0.053422559,0.00846298,16,101,0.920453015,0.4600711,-0.397155394,0.062915706,16,101,0.261608608
Fludarabine phosphate,BT,-0.271880388,0.190754788,-0.0811256,37,87,0.734375117,-0.328538242,0.23050667,-0.098031572,37,87,0.197397637
Fludarabine phosphate,HM,1.965950824,-1.696425308,0.269525516,17,107,5.17191E-07,1.68134277,-1.4508361,0.23050667,17,107,9.29457E-13
Fludarabine phosphate,NB,-0.29478263,0.266255278,-0.028527351,12,112,0.929250565,-0.255203813,0.23050667,-0.024697143,12,112,0.760464106
Fludarabine phosphate,SAR,-0.471553808,0.319439677,-0.152114132,40,84,0.028607279,-0.340271751,0.23050667,-0.109765081,40,84,0.148141974
Fludarabine phosphate,SO,-0.377501536,0.322702926,-0.05479861,18,106,0.359575703,-0.269649312,0.23050667,-0.039142642,18,106,0.663919514
Fulvestrant,BT,-0.496583111,0.345449121,-0.15113399,35,80,0.271646232,-0.308835771,0.214842276,-0.093993496,35,80,0.227901737
Fulvestrant,HM,0.668305054,-0.569512133,0.098792921,17,98,0.046570979,0.245962753,-0.209603042,0.036359711,17,98,0.247343625
Fulvestrant,NB,0.139243463,-0.125924523,0.01331894,11,104,0.97826275,0.298655143,-0.270088129,0.028567014,11,104,0.879506484
Fulvestrant,SAR,-0.096927922,0.066585268,-0.030342654,36,79,0.595060882,-0.047962358,0.032948055,-0.015014303,36,79,0.867513131
Fulvestrant,SO,0.248361729,-0.213807054,0.034554675,16,99,0.848938843,0.157644997,-0.13571178,0.021933217,16,99,0.847181919
Gedatolisib,BT,-0.193612878,0.126073502,-0.067539376,30,56,0.384060349,-0.055112885,0.03588746,-0.019225425,30,56,0.608266189
Gedatolisib,HM,-0.484127087,0.433462624,-0.050664463,9,77,0.375053025,-0.47950855,0.429327423,-0.050181127,9,77,0.314446093
Gedatolisib,NB,-1.486391032,1.330838483,-0.15555255,9,77,0.004230712,-1.555259701,1.392499965,-0.162759736,9,77,0.0046888
Gedatolisib,SAR,0.885255697,-0.627913925,0.257341772,25,61,0.000778327,0.757043983,-0.536973058,0.220070925,25,61,0.003251694
Gedatolisib,SO,0.359139888,-0.3048513,0.054288588,13,73,0.689253532,0.366904079,-0.311441834,0.055462244,13,73,0.611796358
Gefitinib,BT,-0.227094415,0.15721921,-0.069875205,36,81,0.911308797,-0.261562696,0.181081866,-0.080480829,36,81,0.755375526
Gefitinib,HM,-0.046868062,0.040058172,-0.006809889,17,100,0.982699317,-0.183856444,0.15714226,-0.026714184,17,100,0.740479256
Gefitinib,NB,-0.430851771,0.39034434,-0.040507431,11,106,0.591035216,-0.339170941,0.307283075,-0.031887866,11,106,0.757677029
Gefitinib,SAR,0.361859383,-0.247425219,0.114434164,37,80,0.629659918,0.416106606,-0.284517337,0.131589269,37,80,0.342412569
Gefitinib,SO,0.107148768,-0.092495945,0.014652823,16,101,0.950423804,0.14793969,-0.127708622,0.020231069,16,101,0.932376877
Gemcitabine hydrochloride,BT,0.279950218,-0.196416685,0.083533533,37,87,0.30243416,0.103789837,-0.073163328,0.030626509,36,86,0.77902639
Gemcitabine hydrochloride,HM,0.0593265,-0.051193028,0.008133472,17,107,0.903699831,-0.212014228,0.184209083,-0.027805145,16,106,0.740479256
Gemcitabine hydrochloride,NB,0.026474681,-0.023912615,0.002562066,12,112,0.97826275,0.109294095,-0.098543857,0.010750239,12,110,0.879506484
Gemcitabine hydrochloride,SAR,-0.136239598,0.09229134,-0.043948257,40,84,0.692550249,-0.029186176,0.019616938,-0.009569238,40,82,0.93132534
Gemcitabine hydrochloride,SO,-0.307595167,0.262944255,-0.044650911,18,106,0.536708646,-0.005499334,0.004687957,-0.000811377,18,104,0.98524434
GENZ-644282,BT,-0.425569945,0.297096,-0.128473946,32,74,0.192200236,-0.432862831,0.302583726,-0.130279104,31,72,0.194250733
GENZ-644282,HM,-0.59903766,0.508616881,-0.090420779,16,90,0.13850579,-0.742765235,0.627384227,-0.115381007,16,87,0.082747191
GENZ-644282,NB,0.087274563,-0.080687804,0.006586759,8,98,0.929250565,0.118407323,-0.109210638,0.009196685,8,95,0.847558825
GENZ-644282,SAR,0.766575902,-0.520693065,0.245882836,34,72,0.007045147,0.835144282,-0.567573784,0.267570498,33,70,0.00412019
GENZ-644282,SO,-0.051831392,0.044007785,-0.007823606,16,90,0.944251217,-0.014465009,0.012358454,-0.002106555,15,88,0.979294566
Idarubicin hydrochloride,BT,-0.402970615,0.283691313,-0.119279302,37,88,0.193063864,-0.35661634,0.251057903,-0.105558437,37,88,0.126072162
Idarubicin hydrochloride,HM,0.56051248,-0.484282783,0.076229697,17,108,0.104009348,0.511943586,-0.442319258,0.069624328,17,108,0.051679504
Idarubicin hydrochloride,NB,-0.098530428,0.089071507,-0.009458921,12,113,0.940615676,-0.350577671,0.316922215,-0.033655456,12,113,0.879506484
Idarubicin hydrochloride,SAR,0.156928819,-0.105456166,0.051472653,41,84,0.950749314,0.252911227,-0.169956344,0.082954882,41,84,0.968870401
Idarubicin hydrochloride,SO,-0.064322006,0.055059637,-0.009262369,18,107,0.985374895,-0.090565195,0.077523807,-0.013041388,18,107,0.932376877
Idasanutlin,BT,0.096049502,-0.065981832,0.03006767,36,79,0.110598874,-0.176000727,0.120904848,-0.05509588,36,79,0.755375526
Idasanutlin,HM,0.163434622,-0.139274721,0.024159901,17,98,0.531483557,0.040664987,-0.034653641,0.006011346,17,98,0.310527805
Idasanutlin,NB,-0.181485213,0.164125757,-0.017359455,11,104,0.922817047,-0.137732953,0.124558496,-0.013174456,11,104,0.847558825
Idasanutlin,SAR,0.07618995,-0.052339183,0.023850767,36,79,0.291758031,0.283132245,-0.194499542,0.088632703,36,79,0.843647174
Idasanutlin,SO,-0.369674666,0.321456231,-0.048218435,15,100,0.544973596,-0.143242271,0.124558496,-0.018683774,15,100,0.848843051
Idelalisib,BT,-0.277794903,0.191582692,-0.086212211,36,80,0.903705594,-0.19497582,0.134466083,-0.060509737,36,80,0.522408062
Idelalisib,HM,1.240863866,-1.069710229,0.171153637,16,100,0.012742795,0.13404233,-0.115553732,0.018488597,16,100,0.631647946
Idelalisib,NB,-0.356753487,0.322923415,-0.033830072,11,105,0.614301657,-0.148553006,0.134466083,-0.014086923,11,105,0.879506484
Idelalisib,SAR,-0.056923445,0.038766829,-0.018156616,37,79,0.926913687,-0.130557489,0.088914152,-0.041643337,37,79,0.991284453
Idelalisib,SO,-0.379309599,0.326991034,-0.052318565,16,100,0.536708646,0.56266306,-0.485054362,0.077608698,16,100,0.820046682
Ifosfamide,BT,-0.103103055,0.072338434,-0.030764621,37,87,0.903705594,0.300960236,-0.211157585,0.089802651,37,87,0.404884259
Ifosfamide,HM,0.606576858,-0.528308877,0.078267982,16,108,0.027259148,-0.103106747,0.089802651,-0.013304096,16,108,0.815837739
Ifosfamide,NB,0.210300266,-0.189948627,0.020351639,12,112,0.70986036,-0.099424364,0.089802651,-0.009621713,12,112,0.879506484
Ifosfamide,SAR,-0.251909904,0.168617113,-0.083292791,41,83,0.358727777,-0.134162997,0.089802651,-0.044360346,41,83,0.730710045
Ifosfamide,SO,-0.074250646,0.063472327,-0.01077832,18,106,0.550149236,-0.105052158,0.089802651,-0.015249507,18,106,0.932376877
Imatinib,BT,-0.102862559,0.072415241,-0.030447317,37,88,0.500609913,0.250627112,-0.176441487,0.074185625,37,88,0.755267831
Imatinib,HM,0.583205017,-0.503889135,0.079315882,17,108,0.046570979,0.099058644,-0.085586668,0.013471976,17,108,0.349287955
Imatinib,NB,-0.263866076,0.238534933,-0.025331143,12,113,0.614301657,-0.124381596,0.112440963,-0.011940633,12,113,0.879506484
Imatinib,SAR,-0.092304343,0.062028518,-0.030275824,41,84,0.950749314,-0.167322862,0.112440963,-0.054881899,41,84,0.607535555
Imatinib,SO,-0.031228122,0.026731273,-0.00449685,18,107,0.944251217,-0.131356265,0.112440963,-0.018915302,18,107,0.932376877
Irinotecan hydrochloride,BT,-0.432629657,0.307027498,-0.125602158,36,88,0.163700078,-0.289876075,0.205034297,-0.084841778,36,87,0.522408062
Irinotecan hydrochloride,HM,-0.314207076,0.2711303,-0.043076777,17,107,0.688110411,-0.519086469,0.44734281,-0.071743658,17,106,0.097009254
Irinotecan hydrochloride,NB,-0.115958725,0.104736913,-0.011221812,12,112,0.922817047,-0.176784694,0.159537407,-0.017247287,12,111,0.951629878
Irinotecan hydrochloride,SAR,0.600842738,-0.402176994,0.198665744,41,83,0.047637275,0.529664836,-0.357416109,0.172248727,40,83,0.152801493
Irinotecan hydrochloride,SO,0.027931926,-0.023877291,0.004054634,18,106,0.920453015,0.169458011,-0.144659278,0.024798733,18,105,0.825319393
Ixabepilone,BT,0.019005531,-0.013107263,0.005898268,36,80,0.914543541,0.035704158,-0.024527204,0.011176954,36,79,0.938278008
Ixabepilone,HM,-0.269512051,0.232337975,-0.037174076,16,100,0.665974924,-0.731296302,0.635909827,-0.095386474,15,100,0.04563981
Ixabepilone,NB,0.070978824,-0.064248073,0.006730751,11,105,0.97826275,0.284859056,-0.257611668,0.027247388,11,104,0.847558825
Ixabepilone,SAR,0.073438075,-0.050013861,0.023424214,37,79,0.89348292,0.189832201,-0.128755754,0.061076447,37,78,0.483277961
Ixabepilone,SO,0.049902073,-0.043019029,0.006883045,16,100,0.920453015,0.076810186,-0.066123552,0.010686635,16,99,0.932376877
Ixazomib,BT,-0.145843592,0.10362571,-0.042217882,33,81,0.734375117,-0.013260125,0.009421668,-0.003838457,33,81,0.81396543
Ixazomib,HM,0.535719183,-0.455831235,0.079887948,17,97,0.361305004,0.603426019,-0.513441437,0.089984582,17,97,0.261169956
Ixazomib,NB,-0.739127612,0.667808281,-0.071319331,11,103,0.196977602,-0.662323681,0.598415256,-0.063908425,11,103,0.613996638
Ixazomib,SAR,0.431019916,-0.291127487,0.139892429,37,77,0.143049114,0.210125399,-0.141926805,0.068198594,37,77,0.730710045
Ixazomib,SO,-0.563842581,0.48470678,-0.079135801,16,98,0.536708646,-0.515203905,0.442894585,-0.07230932,16,98,0.317151592
Lapatinib,BT,0.621893094,-0.439875603,0.182017491,36,87,0.002663435,0.228707793,-0.161768927,0.066938866,36,87,0.086616575
Lapatinib,HM,-0.204675563,0.17638707,-0.028288492,17,106,0.525752993,-0.247802811,0.213553642,-0.034249169,17,106,0.379270396
Lapatinib,NB,-0.476663142,0.430159421,-0.046503721,12,111,0.067905355,-0.236640522,0.213553642,-0.02308688,12,111,0.757677029
Lapatinib,SAR,-0.340746422,0.229934577,-0.110811844,40,83,0.559974305,-0.260364003,0.175692783,-0.084671221,40,83,0.248639602
Lapatinib,SO,0.099073873,-0.084575258,0.014498616,18,105,0.920453015,0.481397631,-0.410949197,0.070448434,18,105,0.69303885
Larotrectinib sulfate,BT,-0.107287647,0.070291907,-0.03699574,30,57,0.163700078,0.0921387,-0.060366735,0.031771966,30,57,0.819270891
Larotrectinib sulfate,HM,-0.228221448,0.201989098,-0.02623235,10,77,0.940851344,-0.221205348,0.195779446,-0.025425902,10,77,0.740479256
Larotrectinib sulfate,NB,-0.390613044,0.350204798,-0.040408246,9,78,0.922817047,-0.218369382,0.195779446,-0.022589936,9,78,0.847558825
Larotrectinib sulfate,SAR,0.402688383,-0.286973331,0.115715053,25,62,0.043549165,0.097174079,-0.069250493,0.027923586,25,62,0.630816919
Larotrectinib sulfate,SO,0.009600576,-0.008166008,0.001434569,13,74,0.985374895,0.016056573,-0.013657315,0.002399258,13,74,0.932376877
Letrozole,BT,0.029278587,-0.020113117,0.009165471,36,79,0.820276982,NA,NA,NA,NA,NA,NA
Letrozole,HM,-0.024147824,0.020788127,-0.003359697,16,99,0.352859438,NA,NA,NA,NA,NA,NA
Letrozole,NB,-0.203434874,0.185744885,-0.017689989,10,105,0.812690265,NA,NA,NA,NA,NA,NA
Letrozole,SAR,0.155011421,-0.105138181,0.04987324,37,78,0.823455835,NA,NA,NA,NA,NA,NA
Letrozole,SO,-0.175993997,0.151507876,-0.024486121,16,99,0.890338515,NA,NA,NA,NA,NA,NA
Lomustine,BT,-0.425968773,0.293771567,-0.132197205,36,80,0.10985697,-0.118152292,0.081484339,-0.036667953,36,80,0.81396543
Lomustine,HM,0.378002742,-0.325864433,0.052138309,16,100,0.414311809,-0.210174287,0.18118473,-0.028989557,16,100,0.674195174
Lomustine,NB,-0.340146247,0.307890999,-0.032255248,11,105,0.867052937,-0.200165987,0.18118473,-0.018981257,11,105,0.847558825
Lomustine,SAR,0.428204569,-0.291622077,0.136582492,37,79,0.303972033,0.302620261,-0.206094833,0.096525428,37,79,0.843647174
Lomustine,SO,-0.147992102,0.127579398,-0.020412704,16,100,0.920453015,0.014493846,-0.012494695,0.001999151,16,100,0.932376877
Melphalan,BT,-0.295846752,0.207569898,-0.088276853,37,87,0.497912339,-0.22300728,0.156464785,-0.066542495,37,87,0.414926344
Melphalan,HM,0.479938064,-0.414140103,0.06579796,17,107,0.13413827,0.269113475,-0.232218885,0.036894589,17,107,0.432130481
Melphalan,NB,-0.01156158,0.010442718,-0.001118863,12,112,0.97826275,0.122059408,-0.110247207,0.011812201,12,112,0.879506484
Melphalan,SAR,0.166969886,-0.113108633,0.053861254,40,84,0.692550249,0.095047216,-0.064386823,0.030660392,40,84,0.886594212
Melphalan,SO,-0.244316928,0.208851567,-0.03546536,18,106,0.536708646,-0.133681061,0.114275746,-0.019405315,18,106,0.972721358
Methotrexate,BT,0.034892724,-0.024762579,0.010130146,36,88,0.748772476,-0.133744035,0.094915122,-0.038828913,36,88,0.676996212
Methotrexate,HM,0.579212152,-0.499804034,0.079408118,17,107,0.104009348,0.041741318,-0.036018718,0.0057226,17,107,0.964791925
Methotrexate,NB,-0.137572473,0.124259008,-0.013313465,12,112,0.922817047,0.119334072,-0.107785613,0.011548459,12,112,0.879506484
Methotrexate,SAR,-0.284324324,0.190313862,-0.094010462,41,83,0.169498106,0.056706061,-0.037956476,0.018749585,41,83,0.796886632
Methotrexate,SO,-0.006118437,0.005230276,-0.00088816,18,106,0.976673294,-0.002925614,0.002500928,-0.000424686,18,106,1
Midostaurin,BT,0.186669632,-0.124446422,0.062223211,30,60,0.500609913,0.234620239,-0.156413492,0.078206746,30,60,0.522408062
Midostaurin,HM,-0.277331287,0.243435241,-0.033896046,11,79,0.535401918,-0.331815318,0.291260112,-0.040555205,11,79,0.701326021
Midostaurin,NB,-0.481788608,0.433609747,-0.048178861,9,81,0.449970019,-0.507473194,0.456725875,-0.050747319,9,81,0.613996638
Midostaurin,SAR,0.164253743,-0.11497762,0.049276123,27,63,0.681124393,0.150480607,-0.105336425,0.045144182,27,63,0.886594212
Midostaurin,SO,-0.023153019,0.019808694,-0.003344325,13,77,0.976226215,-0.019968504,0.017084164,-0.002884339,13,77,1
Mitomycin C,BT,-0.203803236,0.140003962,-0.063799274,36,79,0.5448166,-0.211679309,0.145414482,-0.066264827,36,79,0.581179844
Mitomycin C,HM,-0.201137654,0.174902308,-0.026235346,15,100,0.834445653,-0.175734651,0.15281274,-0.022921911,15,100,0.7926159
Mitomycin C,NB,0.069218246,-0.06259737,0.006620876,11,104,0.97826275,0.057413026,-0.051921345,0.005491681,11,104,0.891134611
Mitomycin C,SAR,0.297877069,-0.20203836,0.095838709,37,78,0.416242621,0.271035048,-0.183832467,0.087202581,37,78,0.483277961
Mitomycin C,SO,-0.036323237,0.031269569,-0.005053668,16,99,0.950423804,0.011193359,-0.009636022,0.001557337,16,99,0.98524434
Mitoxantrone dihydrochloride,BT,-0.503949758,0.361163993,-0.142785765,34,86,0.110497517,-0.494719251,0.350954682,-0.143764569,34,83,0.106207509
Mitoxantrone dihydrochloride,HM,0.559638616,-0.485020134,0.074618482,16,104,0.132964338,0.684885089,-0.597079308,0.087805781,15,102,0.097009254
Mitoxantrone dihydrochloride,NB,-0.015413856,0.01387247,-0.001541386,12,108,1,0.097221225,-0.088911718,0.008309506,10,107,0.879506484
Mitoxantrone dihydrochloride,SAR,0.253934766,-0.169289844,0.084644922,40,80,0.29393054,0.161554545,-0.106322222,0.055232323,40,77,0.461909275
Mitoxantrone dihydrochloride,SO,-0.136331405,0.115881694,-0.020449711,18,102,0.714471958,-0.14219482,0.120318694,-0.021876126,18,99,0.775467362
MK-2206 dihydrochloride,BT,-0.54723164,0.375924344,-0.171307296,36,79,0.03831336,-0.551702571,0.378995679,-0.172706892,36,79,0.076728176
MK-2206 dihydrochloride,HM,-0.026343985,0.022449656,-0.003894328,17,98,0.978983563,-0.325943711,0.277760728,-0.048182983,17,98,0.310527805
MK-2206 dihydrochloride,NB,-0.876417374,0.792586147,-0.083831227,11,104,0.023603326,-0.648115725,0.586122047,-0.061993678,11,104,0.166227993
MK-2206 dihydrochloride,SAR,0.866383151,-0.602701322,0.263681829,35,80,0.000509894,0.99772941,-0.694072633,0.303656777,35,80,2.91505E-05
MK-2206 dihydrochloride,SO,0.111720022,-0.096176367,0.015543655,16,99,0.697563322,0.037794429,-0.032536074,0.005258355,16,99,0.932376877
Nelarabine,BT,-0.366853422,0.258601592,-0.108251829,36,86,0.615103693,-0.12843443,0.090535746,-0.037898684,36,86,0.755267831
Nelarabine,HM,0.469663488,-0.411917977,0.057745511,15,107,0.05660999,0.736357401,-0.645821655,0.090535746,15,107,0.056078342
Nelarabine,NB,-0.049912746,0.045003296,-0.00490945,12,110,1,-0.100412373,0.090535746,-0.009876627,12,110,0.879506484
Nelarabine,SAR,0.162373677,-0.107805474,0.054568203,41,81,0.692550249,-0.136362482,0.090535746,-0.045826736,41,81,0.730710045
Nelarabine,SO,-0.048819369,0.041616512,-0.007202858,18,104,0.920453015,-0.106205394,0.090535746,-0.015669648,18,104,0.932376877
Nilotinib,BT,0.960758927,-0.676374284,0.284384642,37,88,7.97573E-05,0.653315507,-0.459934117,0.19338139,37,88,0.000353833
Nilotinib,HM,0.123892144,-0.107042812,0.016849332,17,108,0.641227686,-0.105358241,0.09102952,-0.014328721,17,108,0.7926159
Nilotinib,NB,0.10739647,-0.097086409,0.010310061,12,113,0.811354197,-0.276206403,0.249690588,-0.026515815,12,113,0.613996638
Nilotinib,SAR,-0.764250053,0.513576035,-0.250674017,41,84,0.000509894,-0.289610295,0.194618118,-0.094992177,41,84,0.07592626
Nilotinib,SO,-0.451323714,0.3863331,-0.064990615,18,107,0.359575703,-0.291694612,0.249690588,-0.042004024,18,107,0.464227009
Nintedanib,BT,0.112492923,-0.078551093,0.03394183,35,81,0.76121728,-0.023455397,0.016378337,-0.007077059,35,81,0.924264931
Nintedanib,HM,0.100737249,-0.085974031,0.014763217,17,99,0.982699317,0.208991953,-0.178363822,0.030628131,17,99,0.877201753
Nintedanib,NB,-0.69116614,0.625624524,-0.065541617,11,105,0.066887495,-0.695835234,0.629850858,-0.065984376,11,105,0.104339325
Nintedanib,SAR,0.24603746,-0.167559994,0.078477466,37,79,0.230007243,0.20801329,-0.141664224,0.066349067,37,79,0.438279997
Nintedanib,SO,-0.255830519,0.220543551,-0.035286968,16,100,0.881914515,-0.0559816,0.04826,-0.0077216,16,100,0.932376877
Olaparib,BT,-0.356294565,0.24572039,-0.110574175,36,80,0.272314001,-0.26886075,0.186134365,-0.082726385,36,81,0.755267831
Olaparib,HM,-0.060357136,0.051511693,-0.008845442,17,99,0.93859409,-0.252856777,0.216116904,-0.036739874,17,100,0.432130481
Olaparib,NB,-0.325050204,0.294226478,-0.030823726,11,105,0.5784696,-0.238544129,0.216116904,-0.022427226,11,106,0.760464106
Olaparib,SAR,0.497319459,-0.342978937,0.154340522,36,80,0.045873747,0.534317588,-0.365345359,0.168972229,37,80,0.089448839
Olaparib,SO,0.044288969,-0.038180146,0.006108823,16,100,0.976673294,-0.055435111,0.047854241,-0.00758087,16,101,0.972721358
Omacetaxine mepesuccinate,BT,-0.841257453,0.582409006,-0.258848447,36,81,0.000833131,-0.770533889,0.533446538,-0.23708735,36,81,0.002974323
Omacetaxine mepesuccinate,HM,1.013136744,-0.865928841,0.147207903,17,100,0.007177534,0.97032992,-0.829341812,0.140988108,17,100,0.004390958
Omacetaxine mepesuccinate,NB,-0.491640323,0.445417728,-0.046222594,11,106,0.353954461,-0.520109529,0.471210343,-0.048899187,11,106,0.760464106
Omacetaxine mepesuccinate,SAR,0.430860785,-0.294605665,0.13625512,37,80,0.074416634,0.419719365,-0.2869876,0.132731765,37,80,0.180984173
Omacetaxine mepesuccinate,SO,0.017746881,-0.015319957,0.002426924,16,101,0.920453015,-0.023889638,0.020622679,-0.003266959,16,101,0.972721358
ONC201,BT,-0.010560464,0.006918925,-0.003641539,30,57,0.903705594,-0.063815507,0.04181016,-0.022005347,30,57,0.799088048
ONC201,HM,0.431555272,-0.386911623,0.044643649,9,78,0.221154605,0.450990021,-0.404335881,0.04665414,9,78,0.261169956
ONC201,NB,-0.439760375,0.394267922,-0.045492453,9,78,0.650810226,-0.432713449,0.387949989,-0.04476346,9,78,0.760464106
ONC201,SAR,-0.17071388,0.119695939,-0.051017941,26,61,0.595060882,-0.115538861,0.081010006,-0.034528855,26,61,0.630816919
ONC201,SO,0.306206433,-0.260451449,0.045754984,13,74,0.944251217,0.290581078,-0.247160917,0.043420161,13,74,0.979294566
Oxaliplatin,BT,0.006354486,-0.004473558,0.001880928,37,88,0.963716757,0.032506778,-0.022884772,0.009622006,37,88,0.924264931
Oxaliplatin,HM,0.517054502,-0.44673509,0.070319412,17,108,0.221154605,0.30455742,-0.263137611,0.041419809,17,108,0.844257729
Oxaliplatin,NB,0.009843017,-0.008898088,0.00094493,12,113,0.867052937,-0.271995321,0.24588377,-0.026111551,12,113,0.879506484
Oxaliplatin,SAR,-0.212530803,0.142820699,-0.069710103,41,84,0.595060882,-0.105278544,0.070747182,-0.034531363,41,84,0.93479745
Oxaliplatin,SO,-0.130526126,0.111730364,-0.018795762,18,107,0.848938843,0.034473245,-0.029509097,0.004964147,18,107,0.98524434
Paclitaxel,BT,-0.044078188,0.031281295,-0.012796893,36,88,0.955652787,-0.068361225,0.048829447,-0.019531779,34,85,0.921302069
Paclitaxel,HM,-0.208520531,0.179933039,-0.028587492,17,107,0.785265458,-0.524522043,0.453998071,-0.070523972,16,103,0.204905807
Paclitaxel,NB,-0.173213985,0.156451342,-0.016762644,12,112,0.922817047,0.065949393,-0.059299034,0.006650359,12,107,0.879506484
Paclitaxel,SAR,0.154575904,-0.103466129,0.051109775,41,83,0.903451931,0.233938834,-0.155303932,0.078634902,40,79,0.576650687
Paclitaxel,SO,0.11829997,-0.101127394,0.017172576,18,106,0.920453015,0.137284043,-0.117672037,0.019612006,17,102,0.932376877
Palbociclib,BT,-0.272688833,0.191972939,-0.080715895,37,88,0.771058663,-0.233577741,0.163881157,-0.069696584,37,87,0.48959275
Palbociclib,HM,0.603490685,-0.521415952,0.082074733,17,108,0.132964338,-0.18991835,0.163881157,-0.026037193,17,107,0.712964458
Palbociclib,NB,0.253214676,-0.228906067,0.024308609,12,113,0.97826275,0.147904905,-0.133591527,0.014313378,12,112,0.760464106
Palbociclib,SAR,-0.261780097,0.175916225,-0.085863872,41,84,0.301506079,-0.018768068,0.012713853,-0.006054216,40,84,0.886594212
Palbociclib,SO,0.175533486,-0.150256664,0.025276822,18,107,0.920453015,0.503996199,-0.43083546,0.073160739,18,106,0.317151592
Panobinostat,BT,-0.755345126,0.519732885,-0.235612241,34,75,0.00104696,-0.606687285,0.417445379,-0.189241905,34,75,0.017828983
Panobinostat,HM,0.316391485,-0.269948698,0.046442787,16,93,0.21830681,0.227328557,-0.193959228,0.033369329,16,93,0.158001991
Panobinostat,NB,0.045104981,-0.040966909,0.004138072,10,99,0.922817047,0.039649675,-0.036012091,0.003637585,10,99,0.9193608
Panobinostat,SAR,0.605141752,-0.416381939,0.188759812,34,75,0.028607279,0.495905707,-0.341219523,0.154686184,34,75,0.089448839
Panobinostat,SO,-0.093919047,0.080994407,-0.012924639,15,94,0.920453015,-0.067393652,0.058119296,-0.009274356,15,94,0.848843051
Paxalisib,BT,-0.28928233,0.190663354,-0.098618976,30,58,0.275686528,-0.340057701,0.22412894,-0.115928762,30,58,0.306453476
Paxalisib,HM,-0.713594993,0.632504653,-0.08109034,10,78,0.186590475,-0.583823905,0.517480279,-0.066343626,10,78,0.314446093
Paxalisib,NB,-0.832904651,0.747721221,-0.08518343,9,79,0.026631608,-1.003273279,0.900665784,-0.102607494,9,79,0.030067002
Paxalisib,SAR,0.77400933,-0.545324755,0.228684575,26,62,0.001394995,0.746370049,-0.525851625,0.220518424,26,62,0.003251694
Paxalisib,SO,0.414817964,-0.353538038,0.061279927,13,75,0.544973596,0.571550593,-0.487116983,0.08443361,13,75,0.487183957
Pazopanib hydrochloride,BT,0.168487887,-0.118615473,0.049872415,37,88,0.335662269,-0.008591049,0.006048098,-0.00254295,37,88,0.722343041
Pazopanib hydrochloride,HM,0.028591589,-0.024703133,0.003888456,17,108,0.982699317,-0.1120309,0.096794698,-0.015236202,17,108,0.71700473
Pazopanib hydrochloride,NB,-0.632381503,0.571672878,-0.060708624,12,113,0.04567595,-0.150692098,0.136225657,-0.014466441,12,113,0.760464106
Pazopanib hydrochloride,SAR,-0.13596879,0.091371027,-0.044597763,41,84,0.844331719,-0.143763781,0.096609261,-0.04715452,41,84,0.630816919
Pazopanib hydrochloride,SO,0.376269529,-0.322086716,0.054182812,18,107,0.816708004,0.484487089,-0.414720948,0.069766141,18,107,0.464227009
Pemetrexed disodium salt,BT,-0.194861344,0.136717233,-0.058144111,37,87,0.626474581,-0.218737253,0.153468879,-0.065268374,37,87,0.552714602
Pemetrexed disodium salt,HM,0.422586102,-0.368058863,0.054527239,16,108,0.929465403,1.092835793,-0.951824723,0.14101107,16,108,0.010002363
Pemetrexed disodium salt,NB,-0.284297237,0.256784602,-0.027512636,12,112,0.919700722,-0.204842119,0.185018688,-0.019823431,12,112,0.760464106
Pemetrexed disodium salt,SAR,0.000397901,-0.000266337,0.000131564,41,83,0.50085852,-0.179710801,0.120290294,-0.059420507,41,83,0.796886632
Pemetrexed disodium salt,SO,0.145582448,-0.124449512,0.021132936,18,106,0.950423804,-0.155891704,0.133262263,-0.022629441,18,106,0.972721358
Pentostatin,BT,-0.258032278,0.177953295,-0.080078983,36,80,0.335662269,NA,NA,NA,NA,NA,NA
Pentostatin,HM,0.712235314,-0.607856001,0.104379313,17,99,0.229419683,NA,NA,NA,NA,NA,NA
Pentostatin,NB,-0.25935589,0.234761797,-0.024594093,11,105,0.97826275,NA,NA,NA,NA,NA,NA
Pentostatin,SAR,0.081845774,-0.055739794,0.02610598,37,79,0.924755479,NA,NA,NA,NA,NA,NA
Pentostatin,SO,-0.260883312,0.227148401,-0.033734911,15,101,0.890338515,NA,NA,NA,NA,NA,NA
Pinometostat,BT,-0.188753769,0.131802201,-0.056951568,35,81,0.903705594,-0.181665848,0.126852877,-0.054812971,35,81,0.633584987
Pinometostat,HM,-0.054022912,0.046105761,-0.007917151,17,99,0.982699317,-0.148635694,0.126852877,-0.021782817,17,99,0.76362082
Pinometostat,NB,0.044004724,-0.039831862,0.004172862,11,105,0.97826275,-0.140142226,0.126852877,-0.013289349,11,105,0.879506484
Pinometostat,SAR,0.262587817,-0.178831358,0.083756459,37,79,0.910805761,0.397700911,-0.270848034,0.126852877,37,79,0.152801493
Pinometostat,SO,-0.120207594,0.103627236,-0.016580358,16,100,0.952614477,-0.147149337,0.126852877,-0.02029646,16,100,0.932376877
Ponatinib,BT,0.491291544,-0.344765996,0.146525548,34,80,0.110598874,0.551556564,-0.387057238,0.164499326,34,80,0.089741723
Ponatinib,HM,-0.033354961,0.028380976,-0.004973985,17,97,1,-0.145296859,0.123629783,-0.021667075,17,97,0.740479256
Ponatinib,NB,-1.234973436,1.115809332,-0.119164103,11,103,0.014791932,-1.222384729,1.104435326,-0.117949404,11,103,0.012703342
Ponatinib,SAR,-0.21769466,0.148948978,-0.068745682,36,78,0.41772297,-0.186113213,0.127340619,-0.058772593,36,78,0.630816919
Ponatinib,SO,0.465051555,-0.399781162,0.065270394,16,98,0.534740788,0.41258193,-0.354675694,0.057906236,16,98,0.487183957
Pralatrexate,BT,0.037865307,-0.026214443,0.011650864,36,81,0.689203929,-0.199017284,0.137253299,-0.061763985,36,80,0.77902639
Pralatrexate,HM,-0.00338426,0.00289253,-0.00049173,17,100,0.221154605,0.163331085,-0.139394633,0.023936452,17,99,0.600891129
Pralatrexate,NB,-0.001807663,0.001637712,-0.000169951,11,106,0.97826275,0.536657317,-0.485767399,0.050889918,11,105,0.760464106
Pralatrexate,SAR,-0.041258437,0.028210897,-0.01304754,37,80,0.917099627,-0.039742505,0.027066017,-0.012676489,37,79,0.796886632
Pralatrexate,SO,0.012110591,-0.010454442,0.001656149,16,101,0.944251217,-0.135569833,0.118039251,-0.017530582,15,101,0.932376877
PRI-724,BT,0.032905719,-0.02297727,0.00992845,35,81,0.76413733,0.047134545,-0.032912915,0.01422163,35,81,0.522408062
PRI-724,HM,-0.302309874,0.258005841,-0.044304033,17,99,0.531483557,-0.522597825,0.446010212,-0.076587612,17,99,0.149914074
PRI-724,NB,-0.382752806,0.346457281,-0.036295525,11,105,0.310733994,-0.558245074,0.505308041,-0.052937033,11,105,0.093824404
PRI-724,SAR,0.215997291,-0.147101603,0.068895688,37,79,0.587228819,0.327021951,-0.222713225,0.104308726,37,79,0.524129938
PRI-724,SO,0.141387008,-0.121885352,0.019501656,16,100,0.920453015,0.271746001,-0.234263794,0.037482207,16,100,0.643611492
Procarbazine hydrochloride,BT,-0.185769609,0.131836497,-0.053933112,36,88,0.903705594,NA,NA,NA,NA,NA,NA
Procarbazine hydrochloride,HM,0.181275849,-0.156423515,0.024852334,17,107,0.535401918,NA,NA,NA,NA,NA,NA
Procarbazine hydrochloride,NB,0.072442156,-0.065431625,0.007010531,12,112,1,NA,NA,NA,NA,NA,NA
Procarbazine hydrochloride,SAR,0.137940918,-0.092331421,0.045609497,41,83,0.939718359,NA,NA,NA,NA,NA,NA
Procarbazine hydrochloride,SO,-0.161424449,0.137991867,-0.023432581,18,106,0.920453015,NA,NA,NA,NA,NA,NA
Quizartinib,BT,0.44869254,-0.315879548,0.132812992,37,88,0.084925948,0.389275381,-0.274049868,0.115225513,37,88,0.67508988
Quizartinib,HM,0.176485247,-0.152483254,0.024001994,17,108,0.780924124,0.172333476,-0.148896124,0.023437353,17,108,0.33462293
Quizartinib,NB,-0.024794274,0.022414024,-0.00238025,12,113,0.940615676,-0.178517528,0.161379846,-0.017137683,12,113,0.760464106
Quizartinib,SAR,-0.251822877,0.169224973,-0.082597904,41,84,0.305581088,-0.2555813,0.171750633,-0.083830666,41,84,0.316798228
Quizartinib,SO,-0.459019108,0.392920357,-0.066098752,18,107,0.498081675,-0.239664142,0.205152506,-0.034511636,18,107,0.643611492
Regorafenib,BT,0.66449232,-0.435357037,0.229135283,30,57,0.019164119,0.160715883,-0.105296613,0.05541927,30,57,0.404884259
Regorafenib,HM,0.323739113,-0.29024886,0.033490253,9,78,0.531483557,0.243395054,-0.218216256,0.025178799,9,78,0.759617446
Regorafenib,NB,-0.892926744,0.800555011,-0.092371732,9,78,0.04567595,-0.317824028,0.28494568,-0.032878348,9,78,0.682307343
Regorafenib,SAR,-0.789653647,0.553665201,-0.235988446,26,61,0.001029932,-0.370750882,0.259951768,-0.110799114,26,61,0.187200051
Regorafenib,SO,0.536048372,-0.45594919,0.080099182,13,74,0.359575703,0.379870974,-0.323108645,0.056762329,13,74,0.820046682
Ribociclib,BT,-0.158596228,0.111706908,-0.046889319,34,81,0.914543541,-0.202734099,0.142795322,-0.059938777,34,81,0.48959275
Ribociclib,HM,-0.283515615,0.241604611,-0.041911004,17,98,0.649285975,-0.167565939,0.142795322,-0.024770617,17,98,0.701326021
Ribociclib,NB,0.255666354,-0.231211312,0.024455043,11,104,0.867052937,-0.017474846,0.015803339,-0.001671507,11,104,0.087185203
Ribociclib,SAR,0.20254102,-0.137375648,0.065165371,37,78,0.917099627,0.388159799,-0.263273603,0.124886196,37,78,0.687043782
Ribociclib,SO,0.020262206,-0.017443116,0.00281909,16,99,0.977093311,-0.165873354,0.142795322,-0.023078032,16,99,0.882913101
Rigosertib sodium,BT,-0.124517844,0.086288682,-0.038229163,35,79,0.771058663,-0.124771857,0.086125706,-0.03864615,35,78,0.608266189
Rigosertib sodium,HM,-0.119198861,0.101423592,-0.017775269,17,97,0.952892269,-0.173276925,0.147208715,-0.02606821,17,96,0.935262623
Rigosertib sodium,NB,0.187334134,-0.169258034,0.018076101,11,103,0.919700722,0.212698243,-0.191993105,0.020705139,11,102,0.847558825
Rigosertib sodium,SAR,0.075401623,-0.052252002,0.023149621,35,79,0.917099627,0.164692713,-0.113681696,0.051011017,35,78,0.796886632
Rigosertib sodium,SO,0.0766044,-0.065852905,0.010751495,16,98,0.977093311,-0.044111173,0.038255708,-0.005855465,15,98,0.979294566
Ruxolitinib,BT,-0.169580286,0.119384521,-0.050195765,37,88,0.913238205,-0.155384289,0.109390539,-0.045993749,37,88,0.910092394
Ruxolitinib,HM,1.400953219,-1.210423581,0.190529638,17,108,0.027259148,1.00260561,-0.866251247,0.136354363,17,108,0.004390958
Ruxolitinib,NB,-0.483763885,0.437322552,-0.046441333,12,113,0.591035216,-0.166378245,0.150405933,-0.015972311,12,113,0.847558825
Ruxolitinib,SAR,-0.217552563,0.146195322,-0.071357241,41,84,0.939718359,-0.223818353,0.150405933,-0.07341242,41,84,0.389592138
Ruxolitinib,SO,-0.31919099,0.273227488,-0.045963503,18,107,0.557776377,-0.175707866,0.150405933,-0.025301933,18,107,0.878423528
Selumetinib,BT,-0.206087806,0.132485018,-0.073602788,30,54,0.820276982,-0.410032791,0.263592509,-0.146440283,30,54,0.244260861
Selumetinib,HM,0.0021659,-0.001933839,0.000232061,9,75,0.952892269,-0.24276625,0.21675558,-0.02601067,9,75,0.771040304
Selumetinib,NB,-0.769816255,0.687335942,-0.082480313,9,75,0.061843113,-0.419927652,0.374935403,-0.044992248,9,75,0.618097513
Selumetinib,SAR,0.086224125,-0.062615138,0.023608987,23,61,0.595060882,0.247666822,-0.179853287,0.067813535,23,61,0.886594212
Selumetinib,SO,0.792040941,-0.669463177,0.122577765,13,71,0.359575703,0.82783852,-0.699720654,0.128117866,13,71,0.021574236
Sirolimus,BT,-0.450491609,0.319703723,-0.130787887,36,88,0.110598874,-0.198205727,0.141575519,-0.056630208,34,85,0.414926344
Sirolimus,HM,-0.093769617,0.080914105,-0.012855512,17,107,0.75269456,0.32838761,-0.284234654,0.044152956,16,103,0.771040304
Sirolimus,NB,-0.405053442,0.365854721,-0.03919872,12,112,0.591035216,-0.309824752,0.27858192,-0.031242832,12,107,0.757677029
Sirolimus,SAR,0.578225428,-0.387037988,0.19118744,41,83,0.017953995,0.068365652,-0.045960102,0.02240555,39,80,0.356065349
Sirolimus,SO,0.091412499,-0.078142942,0.013269556,18,106,0.920453015,0.118892144,-0.100908459,0.017983686,18,101,0.958906167
SN-38,BT,-0.345721538,0.243285527,-0.102436011,24,57,0.316169882,-0.375407976,0.261797667,-0.113610308,23,53,0.310560075
SN-38,HM,-0.450422994,0.394815217,-0.055607777,10,71,0.454303247,-0.486434962,0.428830822,-0.05760414,9,67,0.524878685
SN-38,NB,-0.119630473,0.106338198,-0.013292275,9,72,0.95601487,-0.091221764,0.080419186,-0.010802577,9,67,0.9193608
SN-38,SAR,0.541757754,-0.374548571,0.167209183,25,56,0.054331287,0.582467694,-0.413858625,0.168609069,22,54,0.068891881
SN-38,SO,0.126478598,-0.106179564,0.020299034,13,68,0.977093311,0.13916692,-0.115362052,0.023804868,13,63,0.99241988
Sonidegib,BT,-0.127105474,0.087658948,-0.039446527,36,80,0.500609913,-0.186950553,0.128931416,-0.058019137,36,80,0.625392624
Sonidegib,HM,0.012609245,-0.010761338,0.001847907,17,99,0.801195045,-0.151071154,0.128931416,-0.022139738,17,99,0.76362082
Sonidegib,NB,-0.311976576,0.28239259,-0.029583986,11,105,0.867052937,-0.142438516,0.128931416,-0.013507101,11,105,0.879506484
Sonidegib,SAR,-0.046053506,0.031761038,-0.014292467,36,80,0.939718359,-0.186950553,0.128931416,-0.058019137,36,80,0.630816919
Sonidegib,SO,0.523630905,-0.451405953,0.072224952,16,100,0.559118567,0.934752763,-0.805821347,0.128931416,16,100,0.021574236
Sorafenib,BT,0.22152618,-0.156689249,0.064836931,36,87,0.046105816,0.094705642,-0.067210455,0.027495186,36,88,0.924264931
Sorafenib,HM,0.550291206,-0.474234698,0.076056508,17,106,0.631979573,0.180827259,-0.156036425,0.024790834,17,107,0.740479256
Sorafenib,NB,-0.433421005,0.391136029,-0.042284976,12,111,0.591035216,-0.1824227,0.164768891,-0.01765381,12,112,0.847558825
Sorafenib,SAR,-0.32802709,0.221351614,-0.106675477,40,83,0.321119779,-0.182617365,0.122235817,-0.060381548,41,83,0.881268638
Sorafenib,SO,-0.010094196,0.008616996,-0.001477199,18,105,0.557776377,0.12456538,-0.106483308,0.018082071,18,106,0.932376877
Sunitinib malate,BT,-0.563672304,0.395479762,-0.168192542,37,87,0.019164119,-0.565201562,0.396552709,-0.168648853,37,87,0.027297712
Sunitinib malate,HM,0.235194115,-0.20294976,0.032244354,17,107,0.753378882,0.183070422,-0.157972058,0.025098364,17,107,0.930013243
Sunitinib malate,NB,-1.082074823,0.977357904,-0.104716918,12,112,0.014791932,-0.704524334,0.63634456,-0.068179774,12,112,0.015715522
Sunitinib malate,SAR,0.717129047,-0.485797097,0.231331951,40,84,0.000310854,0.749920351,-0.50801056,0.241909791,40,84,2.91505E-05
Sunitinib malate,SO,0.226099588,-0.19327868,0.032820908,18,106,0.920453015,-0.04532125,0.038742359,-0.006578891,18,106,0.979294566
TAK228,BT,-0.507089814,0.334218287,-0.172871528,30,58,0.019164119,-0.563459404,0.369163058,-0.194296346,30,57,0.080669589
TAK228,HM,-0.660181953,0.585161276,-0.075020676,10,78,0.361305004,-0.354186863,0.313475729,-0.040711134,10,77,0.701326021
TAK228,NB,-0.213207324,0.191402029,-0.021805294,9,79,0.867052937,-0.21159744,0.18970805,-0.02188939,9,78,0.817618852
TAK228,SAR,0.672412555,-0.473745209,0.198667346,26,62,0.003623513,0.441395276,-0.314557553,0.126837723,25,62,0.118354706
TAK228,SO,0.476861097,-0.406415707,0.070445389,13,75,0.550149236,0.728293338,-0.619467897,0.108825441,13,74,0.291052075
Talazoparib,BT,-0.304814991,0.213862131,-0.09095286,37,87,0.458882448,-0.222072886,0.155809202,-0.066263684,37,87,0.574298731
Talazoparib,HM,-0.189411225,0.163443557,-0.025967668,17,107,0.822017396,-0.560588215,0.483733379,-0.076854836,17,107,0.158001991
Talazoparib,NB,-0.074819334,0.067578754,-0.007240581,12,112,0.97826275,0.044018969,-0.039759068,0.0042599,12,112,0.847558825
Talazoparib,SAR,0.469132657,-0.317799542,0.151333115,40,84,0.256488012,0.434744796,-0.294504539,0.140240257,40,84,0.180984173
Talazoparib,SO,-0.078611147,0.067199852,-0.011411296,18,106,0.766420793,0.112504495,-0.096173197,0.016331298,18,106,0.961995252
Tamoxifen citrate,BT,0.023357622,-0.016576377,0.006781245,36,88,0.163700078,-0.065038192,0.046156136,-0.018882056,36,88,0.784108165
Tamoxifen citrate,HM,0.314563142,-0.27143755,0.043125592,17,107,0.84227194,0.398746468,-0.344079614,0.054666855,17,107,0.972781686
Tamoxifen citrate,NB,-0.434823323,0.392743647,-0.042079676,12,112,0.061843113,-0.045012964,0.040656871,-0.004356093,12,112,0.879506484
Tamoxifen citrate,SAR,-0.08616773,0.057676787,-0.028490943,41,83,0.860921712,-0.247104826,0.165400811,-0.081704015,41,83,0.446379177
Tamoxifen citrate,SO,0.121301903,-0.103693562,0.017608341,18,106,0.950423804,0.200270605,-0.171199066,0.029071539,18,106,0.848843051
Tazemetostat,BT,-0.392277621,0.27522704,-0.11705058,37,87,0.079108397,NA,NA,NA,NA,NA,NA
Tazemetostat,HM,0.464863221,-0.40488087,0.059982351,16,108,0.132964338,NA,NA,NA,NA,NA,NA
Tazemetostat,NB,-0.418853901,0.378319653,-0.040534249,12,112,0.73339776,NA,NA,NA,NA,NA,NA
Tazemetostat,SAR,0.297343987,-0.199028637,0.098315351,41,83,0.475718915,NA,NA,NA,NA,NA,NA
Tazemetostat,SO,0.005522049,-0.004720462,0.000801588,18,106,0.890338515,NA,NA,NA,NA,NA,NA
Temozolomide,BT,-0.250331328,0.176233255,-0.074098073,37,88,0.384060349,-0.127049317,0.089442719,-0.037606598,37,88,0.755267831
Temozolomide,HM,0.706633031,-0.610530939,0.096102092,17,108,0.046570979,0.657667052,-0.568224333,0.089442719,17,108,0.081373685
Temozolomide,NB,-0.34681839,0.313523825,-0.033294565,12,113,0.919700722,-0.098941061,0.089442719,-0.009498342,12,113,0.879506484
Temozolomide,SAR,-0.066696954,0.044820353,-0.021876601,41,84,0.512393399,-0.133099284,0.089442719,-0.043656565,41,84,0.730710045
Temozolomide,SO,0.113027314,-0.096751381,0.016275933,18,107,0.816708004,-0.104489158,0.089442719,-0.015046439,18,107,0.932376877
Temsirolimus,BT,-0.458819798,0.31917899,-0.139640808,35,80,0.110598874,-0.201652828,0.141701987,-0.059950841,33,78,0.377008629
Temsirolimus,HM,0.193840457,-0.16687135,0.026969107,16,99,0.904393665,0.083294798,-0.072789148,0.01050565,14,97,0.952536928
Temsirolimus,NB,-0.415518701,0.375773434,-0.039745267,11,104,0.552113777,-0.343428401,0.309394956,-0.034033445,11,100,0.613996638
Temsirolimus,SAR,0.470420128,-0.319067565,0.151352563,37,78,0.057277469,0.344510809,-0.229673873,0.114836936,37,74,0.152801493
Temsirolimus,SO,0.060210263,-0.051833183,0.00837708,16,99,0.920453015,-0.104973231,0.089841954,-0.015131277,16,95,0.932376877
Teniposide,BT,-0.256717166,0.180728885,-0.075988281,37,88,0.455843181,-0.219641202,0.154627406,-0.065013796,37,88,0.522408062
Teniposide,HM,-0.180377422,0.155846092,-0.024531329,17,108,0.822017396,-0.196560869,0.169828591,-0.026732278,17,108,0.855381766
Teniposide,NB,0.146156128,-0.132125139,0.014030988,12,113,0.818152975,0.078742512,-0.071183231,0.007559281,12,113,0.879506484
Teniposide,SAR,0.273959787,-0.184100977,0.08985881,41,84,0.477320752,0.312473014,-0.209981865,0.102491149,41,84,0.356065349
Teniposide,SO,0.013156192,-0.0112617,0.001894492,18,107,0.944251217,-0.055500726,0.047508621,-0.007992105,18,107,0.932376877
Thiotepa,BT,-0.33691743,0.237189871,-0.099727559,37,88,0.310315995,-0.191448447,0.134779707,-0.05666874,37,88,0.755375526
Thiotepa,HM,0.850439006,-0.734779302,0.115659705,17,108,0.103665006,-0.206774263,0.178652963,-0.0281213,17,108,0.740479256
Thiotepa,NB,-0.308956016,0.279296239,-0.029659778,12,113,0.818152975,-0.221511939,0.200246793,-0.021265146,12,113,0.879506484
Thiotepa,SAR,0.066046171,-0.044383027,0.021663144,41,84,0.859291732,0.434351434,-0.291884163,0.14246727,41,84,0.483277961
Thiotepa,SO,-0.141703799,0.121298452,-0.020405347,18,107,0.98875597,-0.099970122,0.085574425,-0.014395698,18,107,0.979294566
Tofacitinib citrate,BT,-0.286267965,0.19989401,-0.086373955,35,81,0.30243416,-0.219091897,0.152986583,-0.066105314,35,81,0.496010944
Tofacitinib citrate,HM,0.446495857,-0.38106112,0.065434738,17,99,0.109000475,0.221645901,-0.189163312,0.032482589,17,99,0.313547344
Tofacitinib citrate,NB,0.165753822,-0.150035787,0.015718035,11,105,0.97826275,-0.134715951,0.121941163,-0.012774788,11,105,0.951629878
Tofacitinib citrate,SAR,-0.090320419,0.06151132,-0.028809099,37,79,0.570518407,0.136871575,-0.093214262,0.043657313,37,79,0.968870401
Tofacitinib citrate,SO,0.082923796,-0.071486031,0.011437765,16,100,0.855966368,0.00226049,-0.001948699,0.000311792,16,100,0.972721358
Topotecan hydrochloride,BT,-0.340058634,0.239401278,-0.100657356,37,88,0.311276773,-0.158186362,0.112261289,-0.045925073,36,88,0.751661857
Topotecan hydrochloride,HM,0.023429406,-0.020243007,0.003186399,17,108,0.978983563,-0.205357483,0.177203635,-0.028153849,17,107,0.759617446
Topotecan hydrochloride,NB,0.11178342,-0.101052212,0.010731208,12,113,0.867052937,-0.024445446,0.022079757,-0.002365688,12,112,0.879506484
Topotecan hydrochloride,SAR,0.290487255,-0.195207436,0.09527982,41,84,0.41772297,0.256427094,-0.171640716,0.084786378,41,83,0.379284044
Topotecan hydrochloride,SO,-0.045587697,0.039023068,-0.006564628,18,107,0.920453015,0.018298184,-0.015641996,0.002656188,18,106,0.972721358
Trametinib,BT,0.397631863,-0.278983646,0.118648217,37,87,0.079108397,0.368431313,-0.259713876,0.108717437,36,86,0.119633554
Trametinib,HM,0.31938607,-0.278174964,0.041211106,16,108,0.414892843,-0.029787236,0.026124871,-0.003662365,15,107,0.853454683
Trametinib,NB,-0.787804985,0.711565793,-0.076239192,12,112,0.04567595,-0.66411964,0.598796397,-0.065323243,12,110,0.186174933
Trametinib,SAR,-0.542666332,0.363236335,-0.179429997,41,83,0.022384456,-0.497107924,0.330047064,-0.16706086,41,81,0.069201902
Trametinib,SO,0.562697762,-0.481015829,0.081681933,18,106,0.534740788,0.766388092,-0.653314439,0.113073653,18,104,0.261608608
Vandetanib,BT,-0.130185101,0.092389427,-0.037795675,36,88,0.818614217,0.116146762,-0.082426735,0.033720028,36,88,0.924264931
Vandetanib,HM,-0.024030222,0.020735756,-0.003294466,17,107,0.86620601,-0.171495334,0.147983877,-0.023511457,17,107,0.373554573
Vandetanib,NB,-0.41869527,0.378176373,-0.040518897,12,112,0.435250603,-0.462190634,0.417462508,-0.044728126,12,112,0.186174933
Vandetanib,SAR,0.043295075,-0.028979768,0.014315307,41,83,0.781096036,0.015669528,-0.010488475,0.005181054,41,83,0.730710045
Vandetanib,SO,0.456777084,-0.390470733,0.066306351,18,106,0.544973596,0.268269327,-0.229327006,0.038942322,18,106,0.291052075
Veliparib,BT,-0.474814145,0.327458031,-0.147356114,36,80,0.099230159,-0.13462912,0.092847669,-0.041781451,36,80,0.755267831
Veliparib,HM,0.430667647,-0.371265213,0.059402434,16,100,0.383782857,-0.107703296,0.092847669,-0.014855627,16,100,0.815837739
Veliparib,NB,0.286998369,-0.259783007,0.027215363,11,105,0.97826275,0.979120874,-0.886273205,0.092847669,11,105,0.032354606
Veliparib,SAR,0.176788908,-0.120399343,0.056389566,37,79,0.38112097,-0.136333286,0.092847669,-0.043485617,37,79,0.730710045
Veliparib,SO,-0.10615037,0.09150894,-0.01464143,16,100,0.950423804,-0.107703296,0.092847669,-0.014855627,16,100,0.932376877
Vemurafenib,BT,0.211928911,-0.147984843,0.063944068,35,81,0.298477255,0.043001909,-0.030027195,0.012974714,35,81,0.67508988
Vemurafenib,HM,0.176039131,-0.150240293,0.025798838,17,99,0.170651333,-0.194427186,0.165933547,-0.028493639,17,99,0.701326021
Vemurafenib,NB,-0.161365515,0.146063613,-0.015301902,11,105,0.919700722,-0.183317061,0.165933547,-0.017383514,11,105,0.847558825
Vemurafenib,SAR,-0.334007805,0.227470832,-0.106536972,37,79,0.114418835,-0.243649259,0.165933547,-0.077715712,37,79,0.402142827
Vemurafenib,SO,0.165993539,-0.143097879,0.022895661,16,100,0.920453015,0.705767832,-0.608420545,0.097347287,16,100,0.291052075
Venetoclax,BT,-0.554813349,0.390588597,-0.164224751,37,88,0.163700078,-0.46508022,0.327416475,-0.137663745,37,88,0.089741723
Venetoclax,HM,1.27822766,-1.104388698,0.173838962,17,108,0.004587456,1.260588332,-1.089148319,0.171440013,17,108,6.29072E-05
Venetoclax,NB,0.920489526,-0.832122532,0.088366995,12,113,0.038203321,0.878366309,-0.794043144,0.084323166,12,113,0.013191785
Venetoclax,SAR,-0.397527084,0.267138201,-0.130388884,41,84,0.169498106,-0.374347338,0.251561411,-0.122785927,41,84,0.058288742
Venetoclax,SO,-0.217785172,0.186424107,-0.031361065,18,107,0.890338515,-0.364460782,0.31197843,-0.052482353,18,107,0.932376877
Vinblastine,BT,0.050602825,-0.035670844,0.014931981,36,86,0.97745839,0.010682528,-0.007530306,0.003152221,36,86,0.924264931
Vinblastine,HM,0.247495656,-0.213008556,0.0344871,17,105,0.454303247,0.128945263,-0.11097748,0.017967783,17,105,0.740479256
Vinblastine,NB,-0.145955416,0.131599146,-0.01435627,12,110,0.97826275,-0.123559516,0.111406121,-0.012153395,12,110,0.879506484
Vinblastine,SAR,-0.078670677,0.052877012,-0.025793664,40,82,0.910805761,-0.006153261,0.004135798,-0.002017463,40,82,0.968870401
Vinblastine,SO,-0.082770378,0.071236801,-0.011533577,17,105,0.920453015,-0.044795038,0.038553106,-0.006241931,17,105,0.932376877
Vincristine sulfate,BT,-0.088191355,0.060583626,-0.027607728,36,79,0.852842226,-0.004277655,0.002926816,-0.001350838,36,78,0.921302069
Vincristine sulfate,HM,0.423361796,-0.360777879,0.062583918,17,98,0.167136478,0.176513949,-0.150191693,0.026322256,17,97,0.524878685
Vincristine sulfate,NB,-0.240658783,0.217639247,-0.023019536,11,104,0.919700722,-0.123648446,0.111717456,-0.01193099,11,103,0.879506484
Vincristine sulfate,SAR,-0.052098982,0.03624277,-0.015856212,35,80,0.781096036,0.055666762,-0.039064394,0.016602368,34,80,0.997443669
Vincristine sulfate,SO,-0.021031403,0.018105295,-0.002926108,16,99,0.950423804,-0.185191168,0.159199425,-0.025991743,16,98,0.932376877
Vinorelbine ditartrate,BT,-0.080058417,0.057375199,-0.022683218,34,86,0.913238205,-0.117196807,0.085414622,-0.031782185,32,86,0.77902639
Vinorelbine ditartrate,HM,-0.038860265,0.03335506,-0.005505204,17,103,1,-0.213889444,0.183074863,-0.030814581,17,101,0.952536928
Vinorelbine ditartrate,NB,-0.123644368,0.111279931,-0.012364437,12,108,0.97826275,-0.072350788,0.064993081,-0.007357707,12,106,0.879506484
Vinorelbine ditartrate,SAR,0.072511731,-0.048341154,0.024170577,40,80,0.844331719,0.152395758,-0.100736179,0.051659579,40,78,0.867513131
Vinorelbine ditartrate,SO,0.131548084,-0.112912105,0.018635979,17,103,0.976226215,0.178409566,-0.152706493,0.025703073,17,101,0.932376877
Vismodegib,BT,-0.220189618,0.155013491,-0.065176127,37,88,0.903705594,NA,NA,NA,NA,NA,NA
Vismodegib,HM,0.895858963,-0.774022144,0.121836819,17,108,0.055698656,NA,NA,NA,NA,NA,NA
Vismodegib,NB,-0.2677625,0.2420573,-0.0257052,12,113,0.97826275,NA,NA,NA,NA,NA,NA
Vismodegib,SAR,-0.278537087,0.187176922,-0.091360164,41,84,0.043549165,NA,NA,NA,NA,NA,NA
Vismodegib,SO,0.204832823,-0.175336897,0.029495927,18,107,0.536708646,NA,NA,NA,NA,NA,NA
Vistusertib,BT,-0.658425247,0.431382058,-0.227043189,30,57,0.018568172,-0.672294495,0.440468807,-0.231825688,30,57,0.035632542
Vistusertib,HM,-0.227733196,0.20417459,-0.023558606,9,78,0.849911138,0.056364298,-0.050533509,0.005830789,9,78,0.855381766
Vistusertib,NB,-0.661358837,0.592942406,-0.068416431,9,78,0.170123285,-0.616514929,0.552737522,-0.063777406,9,78,0.232556367
Vistusertib,SAR,0.729882205,-0.511756488,0.218125716,26,61,0.004018518,0.633052595,-0.443864463,0.189188132,26,61,0.026128757
Vistusertib,SO,0.615859255,-0.523834309,0.092024946,13,74,0.499940947,0.560112175,-0.476417253,0.083694923,13,74,0.464227009
Volasertib,BT,-0.469655415,0.32263285,-0.147022565,36,79,0.081666794,-0.433324489,0.297675084,-0.135649405,36,79,0.180331084
Volasertib,HM,0.067639038,-0.057640224,0.009998814,17,98,0.795057854,-0.117036522,0.099735471,-0.017301051,17,98,0.797069003
Volasertib,NB,-0.096165676,0.08696722,-0.009198456,11,104,0.913582704,-0.070590409,0.063838283,-0.006752126,11,104,0.879506484
Volasertib,SAR,0.359178027,-0.249862975,0.109315052,35,80,0.105377443,0.496903089,-0.345671714,0.151231375,35,80,0.068987126
Volasertib,SO,0.20664673,-0.17789588,0.028750849,16,99,0.920453015,0.073727571,-0.063469822,0.010257749,16,99,1
Vorinostat,BT,-0.484595377,0.337627927,-0.14696745,37,85,0.084000159,-0.466996056,0.325366104,-0.141629951,37,85,0.076728176
Vorinostat,HM,0.857914106,-0.74540078,0.112513325,16,106,0.042655259,1.038219931,-0.90205994,0.136159991,16,106,0.008296653
Vorinostat,NB,-0.416449478,0.375487234,-0.040962244,12,110,0.614301657,-0.364051976,0.328243585,-0.035808391,12,110,0.879506484
Vorinostat,SAR,-0.035066438,0.023856675,-0.011209763,39,83,0.964965387,-0.125803323,0.085587507,-0.040215816,39,83,0.93479745
Vorinostat,SO,0.391161063,-0.333448775,0.057712288,18,104,0.544973596,0.318192071,-0.2712457,0.046946371,18,104,0.820046682
Voxtalisib,BT,-0.399289665,0.276431307,-0.122858359,36,81,0.163700078,-0.366301686,0.252621853,-0.113679834,36,80,0.106207509
Voxtalisib,HM,0.194539828,-0.166273357,0.028266471,17,100,0.984782899,-0.040672082,0.03506214,-0.005609942,16,100,0.740479256
Voxtalisib,NB,-0.716046918,0.648726268,-0.06732065,11,106,0.100862388,-0.78652319,0.711939094,-0.074584096,11,105,0.104339325
Voxtalisib,SAR,0.520430229,-0.355849729,0.1645805,37,80,0.026786066,0.704593311,-0.479852341,0.22474097,37,79,0.001493425
Voxtalisib,SO,0.079237739,-0.068401809,0.01083593,16,101,0.890338515,-0.01941736,0.016739104,-0.002678257,16,100,0.932376877
